Usuario,Pelicula,Calificacion
Usuario_1,Pelicula_1,5
Usuario_1,Pelicula_3,4
Usuario_1,Pelicula_4,3
Usuario_1,Pelicula_5,4
Usuario_1,Pelicula_6,2
Usuario_1,Pelicula_7,3
Usuario_1,Pelicula_9,2
Usuario_1,Pelicula_10,4
Usuario_1,Pelicula_12,1
Usuario_1,Pelicula_13,5
Usuario_1,Pelicula_14,4
Usuario_1,Pelicula_15,1
Usuario_1,Pelicula_16,5
Usuario_1,Pelicula_18,5
Usuario_1,Pelicula_19,4
Usuario_1,Pelicula_21,5
Usuario_1,Pelicula_23,4
Usuario_1,Pelicula_25,3
Usuario_1,Pelicula_26,3
Usuario_1,Pelicula_27,3
Usuario_1,Pelicula_28,3
Usuario_1,Pelicula_29,5
Usuario_1,Pelicula_30,1
Usuario_1,Pelicula_31,3
Usuario_1,Pelicula_34,5
Usuario_1,Pelicula_36,5
Usuario_1,Pelicula_39,5
Usuario_1,Pelicula_42,2
Usuario_1,Pelicula_43,3
Usuario_1,Pelicula_46,3
Usuario_1,Pelicula_47,1
Usuario_1,Pelicula_48,2
Usuario_1,Pelicula_49,1
Usuario_1,Pelicula_50,3
Usuario_2,Pelicula_1,3
Usuario_2,Pelicula_2,5
Usuario_2,Pelicula_4,3
Usuario_2,Pelicula_5,5
Usuario_2,Pelicula_6,2
Usuario_2,Pelicula_7,1
Usuario_2,Pelicula_9,1
Usuario_2,Pelicula_15,2
Usuario_2,Pelicula_16,1
Usuario_2,Pelicula_17,3
Usuario_2,Pelicula_18,1
Usuario_2,Pelicula_20,1
Usuario_2,Pelicula_22,5
Usuario_2,Pelicula_23,5
Usuario_2,Pelicula_25,5
Usuario_2,Pelicula_27,3
Usuario_2,Pelicula_28,5
Usuario_2,Pelicula_30,3
Usuario_2,Pelicula_31,3
Usuario_2,Pelicula_33,2
Usuario_2,Pelicula_34,2
Usuario_2,Pelicula_37,4
Usuario_2,Pelicula_38,3
Usuario_2,Pelicula_39,2
Usuario_2,Pelicula_40,4
Usuario_2,Pelicula_41,5
Usuario_2,Pelicula_42,2
Usuario_2,Pelicula_44,4
Usuario_2,Pelicula_45,3
Usuario_2,Pelicula_46,3
Usuario_2,Pelicula_47,1
Usuario_2,Pelicula_50,2
Usuario_3,Pelicula_2,5
Usuario_3,Pelicula_4,1
Usuario_3,Pelicula_5,3
Usuario_3,Pelicula_6,4
Usuario_3,Pelicula_7,3
Usuario_3,Pelicula_8,5
Usuario_3,Pelicula_11,2
Usuario_3,Pelicula_12,1
Usuario_3,Pelicula_13,1
Usuario_3,Pelicula_15,2
Usuario_3,Pelicula_16,2
Usuario_3,Pelicula_17,4
Usuario_3,Pelicula_19,1
Usuario_3,Pelicula_20,5
Usuario_3,Pelicula_21,4
Usuario_3,Pelicula_22,3
Usuario_3,Pelicula_23,5
Usuario_3,Pelicula_25,2
Usuario_3,Pelicula_26,5
Usuario_3,Pelicula_27,3
Usuario_3,Pelicula_30,5
Usuario_3,Pelicula_31,4
Usuario_3,Pelicula_32,2
Usuario_3,Pelicula_33,1
Usuario_3,Pelicula_34,1
Usuario_3,Pelicula_39,4
Usuario_3,Pelicula_42,3
Usuario_3,Pelicula_43,5
Usuario_3,Pelicula_44,2
Usuario_3,Pelicula_46,4
Usuario_3,Pelicula_47,2
Usuario_3,Pelicula_48,4
Usuario_3,Pelicula_49,4
Usuario_3,Pelicula_50,4
Usuario_4,Pelicula_1,3
Usuario_4,Pelicula_2,5
Usuario_4,Pelicula_4,2
Usuario_4,Pelicula_6,2
Usuario_4,Pelicula_8,5
Usuario_4,Pelicula_9,4
Usuario_4,Pelicula_10,1
Usuario_4,Pelicula_11,5
Usuario_4,Pelicula_12,5
Usuario_4,Pelicula_13,2
Usuario_4,Pelicula_15,1
Usuario_4,Pelicula_16,2
Usuario_4,Pelicula_19,5
Usuario_4,Pelicula_20,1
Usuario_4,Pelicula_22,1
Usuario_4,Pelicula_23,5
Usuario_4,Pelicula_25,5
Usuario_4,Pelicula_26,4
Usuario_4,Pelicula_27,4
Usuario_4,Pelicula_28,3
Usuario_4,Pelicula_29,2
Usuario_4,Pelicula_30,1
Usuario_4,Pelicula_31,3
Usuario_4,Pelicula_33,5
Usuario_4,Pelicula_34,3
Usuario_4,Pelicula_35,5
Usuario_4,Pelicula_36,1
Usuario_4,Pelicula_37,4
Usuario_4,Pelicula_38,4
Usuario_4,Pelicula_39,2
Usuario_4,Pelicula_40,3
Usuario_4,Pelicula_41,3
Usuario_4,Pelicula_42,2
Usuario_4,Pelicula_48,2
Usuario_4,Pelicula_50,2
Usuario_5,Pelicula_1,4
Usuario_5,Pelicula_2,1
Usuario_5,Pelicula_3,1
Usuario_5,Pelicula_4,5
Usuario_5,Pelicula_5,3
Usuario_5,Pelicula_6,1
Usuario_5,Pelicula_8,3
Usuario_5,Pelicula_9,5
Usuario_5,Pelicula_10,1
Usuario_5,Pelicula_11,5
Usuario_5,Pelicula_12,5
Usuario_5,Pelicula_14,4
Usuario_5,Pelicula_15,5
Usuario_5,Pelicula_16,2
Usuario_5,Pelicula_20,1
Usuario_5,Pelicula_22,5
Usuario_5,Pelicula_23,1
Usuario_5,Pelicula_26,1
Usuario_5,Pelicula_27,2
Usuario_5,Pelicula_29,1
Usuario_5,Pelicula_30,3
Usuario_5,Pelicula_31,3
Usuario_5,Pelicula_34,1
Usuario_5,Pelicula_35,5
Usuario_5,Pelicula_36,4
Usuario_5,Pelicula_39,4
Usuario_5,Pelicula_42,5
Usuario_5,Pelicula_43,3
Usuario_5,Pelicula_44,3
Usuario_5,Pelicula_45,1
Usuario_5,Pelicula_46,5
Usuario_5,Pelicula_47,4
Usuario_5,Pelicula_48,2
Usuario_5,Pelicula_49,2
Usuario_5,Pelicula_50,1
Usuario_6,Pelicula_2,2
Usuario_6,Pelicula_3,4
Usuario_6,Pelicula_4,5
Usuario_6,Pelicula_5,5
Usuario_6,Pelicula_6,5
Usuario_6,Pelicula_7,5
Usuario_6,Pelicula_8,2
Usuario_6,Pelicula_10,4
Usuario_6,Pelicula_12,1
Usuario_6,Pelicula_13,4
Usuario_6,Pelicula_16,1
Usuario_6,Pelicula_17,5
Usuario_6,Pelicula_18,4
Usuario_6,Pelicula_24,5
Usuario_6,Pelicula_25,3
Usuario_6,Pelicula_26,5
Usuario_6,Pelicula_28,1
Usuario_6,Pelicula_29,4
Usuario_6,Pelicula_31,4
Usuario_6,Pelicula_32,1
Usuario_6,Pelicula_34,2
Usuario_6,Pelicula_35,4
Usuario_6,Pelicula_36,1
Usuario_6,Pelicula_37,5
Usuario_6,Pelicula_38,2
Usuario_6,Pelicula_39,5
Usuario_6,Pelicula_40,3
Usuario_6,Pelicula_41,4
Usuario_6,Pelicula_43,3
Usuario_6,Pelicula_45,5
Usuario_6,Pelicula_46,3
Usuario_6,Pelicula_47,2
Usuario_6,Pelicula_48,5
Usuario_6,Pelicula_50,1
Usuario_7,Pelicula_2,5
Usuario_7,Pelicula_4,5
Usuario_7,Pelicula_5,3
Usuario_7,Pelicula_8,1
Usuario_7,Pelicula_10,3
Usuario_7,Pelicula_11,4
Usuario_7,Pelicula_12,3
Usuario_7,Pelicula_13,4
Usuario_7,Pelicula_15,3
Usuario_7,Pelicula_16,2
Usuario_7,Pelicula_17,1
Usuario_7,Pelicula_18,2
Usuario_7,Pelicula_19,4
Usuario_7,Pelicula_20,1
Usuario_7,Pelicula_22,2
Usuario_7,Pelicula_24,4
Usuario_7,Pelicula_25,3
Usuario_7,Pelicula_26,5
Usuario_7,Pelicula_27,5
Usuario_7,Pelicula_28,1
Usuario_7,Pelicula_29,2
Usuario_7,Pelicula_30,4
Usuario_7,Pelicula_31,3
Usuario_7,Pelicula_32,3
Usuario_7,Pelicula_34,5
Usuario_7,Pelicula_35,2
Usuario_7,Pelicula_36,2
Usuario_7,Pelicula_38,3
Usuario_7,Pelicula_39,1
Usuario_7,Pelicula_41,3
Usuario_7,Pelicula_42,4
Usuario_7,Pelicula_43,3
Usuario_7,Pelicula_45,3
Usuario_7,Pelicula_46,1
Usuario_7,Pelicula_47,1
Usuario_8,Pelicula_1,1
Usuario_8,Pelicula_2,2
Usuario_8,Pelicula_4,5
Usuario_8,Pelicula_5,3
Usuario_8,Pelicula_8,2
Usuario_8,Pelicula_10,1
Usuario_8,Pelicula_11,3
Usuario_8,Pelicula_13,2
Usuario_8,Pelicula_14,5
Usuario_8,Pelicula_16,5
Usuario_8,Pelicula_18,4
Usuario_8,Pelicula_19,2
Usuario_8,Pelicula_21,3
Usuario_8,Pelicula_22,3
Usuario_8,Pelicula_23,3
Usuario_8,Pelicula_24,5
Usuario_8,Pelicula_26,3
Usuario_8,Pelicula_27,1
Usuario_8,Pelicula_28,5
Usuario_8,Pelicula_30,4
Usuario_8,Pelicula_31,2
Usuario_8,Pelicula_32,2
Usuario_8,Pelicula_34,3
Usuario_8,Pelicula_35,1
Usuario_8,Pelicula_36,4
Usuario_8,Pelicula_39,4
Usuario_8,Pelicula_40,5
Usuario_8,Pelicula_41,3
Usuario_8,Pelicula_42,4
Usuario_8,Pelicula_43,4
Usuario_8,Pelicula_44,5
Usuario_8,Pelicula_45,3
Usuario_8,Pelicula_46,5
Usuario_8,Pelicula_48,1
Usuario_9,Pelicula_1,4
Usuario_9,Pelicula_3,4
Usuario_9,Pelicula_4,3
Usuario_9,Pelicula_6,2
Usuario_9,Pelicula_7,4
Usuario_9,Pelicula_8,3
Usuario_9,Pelicula_9,4
Usuario_9,Pelicula_10,5
Usuario_9,Pelicula_11,2
Usuario_9,Pelicula_15,4
Usuario_9,Pelicula_16,5
Usuario_9,Pelicula_17,4
Usuario_9,Pelicula_18,2
Usuario_9,Pelicula_19,3
Usuario_9,Pelicula_20,5
Usuario_9,Pelicula_23,3
Usuario_9,Pelicula_25,1
Usuario_9,Pelicula_27,3
Usuario_9,Pelicula_28,3
Usuario_9,Pelicula_29,1
Usuario_9,Pelicula_30,1
Usuario_9,Pelicula_31,2
Usuario_9,Pelicula_33,2
Usuario_9,Pelicula_35,1
Usuario_9,Pelicula_36,1
Usuario_9,Pelicula_37,3
Usuario_9,Pelicula_39,2
Usuario_9,Pelicula_40,5
Usuario_9,Pelicula_41,2
Usuario_9,Pelicula_42,2
Usuario_9,Pelicula_44,1
Usuario_9,Pelicula_46,1
Usuario_9,Pelicula_47,1
Usuario_9,Pelicula_48,3
Usuario_9,Pelicula_49,1
Usuario_9,Pelicula_50,3
Usuario_10,Pelicula_1,3
Usuario_10,Pelicula_3,2
Usuario_10,Pelicula_4,1
Usuario_10,Pelicula_5,2
Usuario_10,Pelicula_6,5
Usuario_10,Pelicula_7,5
Usuario_10,Pelicula_8,1
Usuario_10,Pelicula_9,3
Usuario_10,Pelicula_11,1
Usuario_10,Pelicula_12,5
Usuario_10,Pelicula_14,4
Usuario_10,Pelicula_15,5
Usuario_10,Pelicula_17,5
Usuario_10,Pelicula_19,2
Usuario_10,Pelicula_20,1
Usuario_10,Pelicula_22,5
Usuario_10,Pelicula_23,1
Usuario_10,Pelicula_27,2
Usuario_10,Pelicula_28,4
Usuario_10,Pelicula_29,3
Usuario_10,Pelicula_33,4
Usuario_10,Pelicula_34,3
Usuario_10,Pelicula_35,3
Usuario_10,Pelicula_36,2
Usuario_10,Pelicula_37,1
Usuario_10,Pelicula_39,2
Usuario_10,Pelicula_40,1
Usuario_10,Pelicula_41,4
Usuario_10,Pelicula_42,3
Usuario_10,Pelicula_43,5
Usuario_10,Pelicula_44,1
Usuario_10,Pelicula_46,2
Usuario_10,Pelicula_47,3
Usuario_10,Pelicula_49,4
Usuario_10,Pelicula_50,1
Usuario_11,Pelicula_5,5
Usuario_11,Pelicula_6,4
Usuario_11,Pelicula_7,5
Usuario_11,Pelicula_8,3
Usuario_11,Pelicula_9,3
Usuario_11,Pelicula_12,3
Usuario_11,Pelicula_14,5
Usuario_11,Pelicula_19,5
Usuario_11,Pelicula_20,5
Usuario_11,Pelicula_24,4
Usuario_11,Pelicula_25,2
Usuario_11,Pelicula_26,2
Usuario_11,Pelicula_27,3
Usuario_11,Pelicula_29,5
Usuario_11,Pelicula_30,1
Usuario_11,Pelicula_31,1
Usuario_11,Pelicula_32,2
Usuario_11,Pelicula_33,3
Usuario_11,Pelicula_34,4
Usuario_11,Pelicula_37,2
Usuario_11,Pelicula_39,1
Usuario_11,Pelicula_41,4
Usuario_11,Pelicula_43,5
Usuario_11,Pelicula_44,3
Usuario_11,Pelicula_45,1
Usuario_11,Pelicula_47,1
Usuario_11,Pelicula_48,5
Usuario_11,Pelicula_49,2
Usuario_11,Pelicula_50,3
Usuario_12,Pelicula_3,3
Usuario_12,Pelicula_5,4
Usuario_12,Pelicula_6,1
Usuario_12,Pelicula_7,4
Usuario_12,Pelicula_9,1
Usuario_12,Pelicula_10,5
Usuario_12,Pelicula_11,3
Usuario_12,Pelicula_12,5
Usuario_12,Pelicula_14,2
Usuario_12,Pelicula_18,2
Usuario_12,Pelicula_22,3
Usuario_12,Pelicula_25,3
Usuario_12,Pelicula_26,1
Usuario_12,Pelicula_29,4
Usuario_12,Pelicula_30,5
Usuario_12,Pelicula_32,4
Usuario_12,Pelicula_34,1
Usuario_12,Pelicula_35,5
Usuario_12,Pelicula_36,2
Usuario_12,Pelicula_38,4
Usuario_12,Pelicula_39,5
Usuario_12,Pelicula_42,2
Usuario_12,Pelicula_44,4
Usuario_12,Pelicula_45,2
Usuario_12,Pelicula_47,4
Usuario_12,Pelicula_48,4
Usuario_12,Pelicula_49,5
Usuario_12,Pelicula_50,3
Usuario_13,Pelicula_2,2
Usuario_13,Pelicula_4,1
Usuario_13,Pelicula_5,1
Usuario_13,Pelicula_6,4
Usuario_13,Pelicula_7,5
Usuario_13,Pelicula_8,1
Usuario_13,Pelicula_9,4
Usuario_13,Pelicula_11,5
Usuario_13,Pelicula_12,1
Usuario_13,Pelicula_13,3
Usuario_13,Pelicula_15,1
Usuario_13,Pelicula_16,4
Usuario_13,Pelicula_17,5
Usuario_13,Pelicula_18,5
Usuario_13,Pelicula_19,4
Usuario_13,Pelicula_20,3
Usuario_13,Pelicula_21,2
Usuario_13,Pelicula_23,5
Usuario_13,Pelicula_24,1
Usuario_13,Pelicula_27,3
Usuario_13,Pelicula_28,1
Usuario_13,Pelicula_29,5
Usuario_13,Pelicula_30,2
Usuario_13,Pelicula_31,1
Usuario_13,Pelicula_32,3
Usuario_13,Pelicula_33,2
Usuario_13,Pelicula_34,2
Usuario_13,Pelicula_35,3
Usuario_13,Pelicula_36,4
Usuario_13,Pelicula_37,5
Usuario_13,Pelicula_38,5
Usuario_13,Pelicula_39,4
Usuario_13,Pelicula_40,4
Usuario_13,Pelicula_41,1
Usuario_13,Pelicula_43,2
Usuario_13,Pelicula_46,1
Usuario_13,Pelicula_48,2
Usuario_13,Pelicula_49,2
Usuario_13,Pelicula_50,1
Usuario_14,Pelicula_1,4
Usuario_14,Pelicula_2,3
Usuario_14,Pelicula_4,2
Usuario_14,Pelicula_5,2
Usuario_14,Pelicula_6,4
Usuario_14,Pelicula_7,2
Usuario_14,Pelicula_8,4
Usuario_14,Pelicula_9,1
Usuario_14,Pelicula_10,4
Usuario_14,Pelicula_11,4
Usuario_14,Pelicula_13,4
Usuario_14,Pelicula_14,2
Usuario_14,Pelicula_15,5
Usuario_14,Pelicula_18,3
Usuario_14,Pelicula_19,2
Usuario_14,Pelicula_20,4
Usuario_14,Pelicula_21,3
Usuario_14,Pelicula_22,5
Usuario_14,Pelicula_23,2
Usuario_14,Pelicula_24,1
Usuario_14,Pelicula_25,5
Usuario_14,Pelicula_26,1
Usuario_14,Pelicula_27,2
Usuario_14,Pelicula_28,4
Usuario_14,Pelicula_29,4
Usuario_14,Pelicula_30,1
Usuario_14,Pelicula_31,4
Usuario_14,Pelicula_35,3
Usuario_14,Pelicula_36,1
Usuario_14,Pelicula_37,3
Usuario_14,Pelicula_38,3
Usuario_14,Pelicula_40,1
Usuario_14,Pelicula_41,5
Usuario_14,Pelicula_43,4
Usuario_14,Pelicula_44,4
Usuario_14,Pelicula_45,1
Usuario_14,Pelicula_46,5
Usuario_14,Pelicula_48,4
Usuario_15,Pelicula_1,2
Usuario_15,Pelicula_2,5
Usuario_15,Pelicula_3,1
Usuario_15,Pelicula_4,2
Usuario_15,Pelicula_5,1
Usuario_15,Pelicula_6,5
Usuario_15,Pelicula_7,4
Usuario_15,Pelicula_8,5
Usuario_15,Pelicula_9,2
Usuario_15,Pelicula_12,4
Usuario_15,Pelicula_13,1
Usuario_15,Pelicula_14,1
Usuario_15,Pelicula_15,2
Usuario_15,Pelicula_18,5
Usuario_15,Pelicula_19,3
Usuario_15,Pelicula_21,5
Usuario_15,Pelicula_23,5
Usuario_15,Pelicula_25,5
Usuario_15,Pelicula_26,2
Usuario_15,Pelicula_27,2
Usuario_15,Pelicula_28,3
Usuario_15,Pelicula_29,1
Usuario_15,Pelicula_30,2
Usuario_15,Pelicula_32,3
Usuario_15,Pelicula_33,5
Usuario_15,Pelicula_35,3
Usuario_15,Pelicula_37,2
Usuario_15,Pelicula_38,2
Usuario_15,Pelicula_39,2
Usuario_15,Pelicula_40,2
Usuario_15,Pelicula_41,3
Usuario_15,Pelicula_44,5
Usuario_15,Pelicula_46,3
Usuario_15,Pelicula_47,5
Usuario_15,Pelicula_48,2
Usuario_15,Pelicula_49,1
Usuario_16,Pelicula_1,4
Usuario_16,Pelicula_3,4
Usuario_16,Pelicula_5,1
Usuario_16,Pelicula_6,1
Usuario_16,Pelicula_7,3
Usuario_16,Pelicula_8,3
Usuario_16,Pelicula_10,5
Usuario_16,Pelicula_12,5
Usuario_16,Pelicula_13,5
Usuario_16,Pelicula_14,1
Usuario_16,Pelicula_15,2
Usuario_16,Pelicula_16,2
Usuario_16,Pelicula_17,5
Usuario_16,Pelicula_18,4
Usuario_16,Pelicula_19,2
Usuario_16,Pelicula_20,4
Usuario_16,Pelicula_21,2
Usuario_16,Pelicula_22,1
Usuario_16,Pelicula_23,2
Usuario_16,Pelicula_24,1
Usuario_16,Pelicula_26,5
Usuario_16,Pelicula_28,5
Usuario_16,Pelicula_29,5
Usuario_16,Pelicula_30,5
Usuario_16,Pelicula_31,5
Usuario_16,Pelicula_32,3
Usuario_16,Pelicula_33,4
Usuario_16,Pelicula_35,5
Usuario_16,Pelicula_36,3
Usuario_16,Pelicula_37,3
Usuario_16,Pelicula_38,5
Usuario_16,Pelicula_40,3
Usuario_16,Pelicula_41,3
Usuario_16,Pelicula_42,4
Usuario_16,Pelicula_46,3
Usuario_16,Pelicula_48,2
Usuario_17,Pelicula_2,3
Usuario_17,Pelicula_3,1
Usuario_17,Pelicula_5,3
Usuario_17,Pelicula_7,2
Usuario_17,Pelicula_9,5
Usuario_17,Pelicula_10,2
Usuario_17,Pelicula_11,2
Usuario_17,Pelicula_12,1
Usuario_17,Pelicula_13,3
Usuario_17,Pelicula_14,2
Usuario_17,Pelicula_16,5
Usuario_17,Pelicula_19,3
Usuario_17,Pelicula_20,3
Usuario_17,Pelicula_21,3
Usuario_17,Pelicula_23,3
Usuario_17,Pelicula_26,1
Usuario_17,Pelicula_28,5
Usuario_17,Pelicula_30,2
Usuario_17,Pelicula_31,2
Usuario_17,Pelicula_32,5
Usuario_17,Pelicula_33,2
Usuario_17,Pelicula_34,1
Usuario_17,Pelicula_35,5
Usuario_17,Pelicula_39,5
Usuario_17,Pelicula_40,4
Usuario_17,Pelicula_41,4
Usuario_17,Pelicula_42,2
Usuario_17,Pelicula_43,1
Usuario_17,Pelicula_45,5
Usuario_17,Pelicula_46,2
Usuario_17,Pelicula_47,4
Usuario_17,Pelicula_48,5
Usuario_17,Pelicula_49,1
Usuario_18,Pelicula_1,1
Usuario_18,Pelicula_2,1
Usuario_18,Pelicula_4,2
Usuario_18,Pelicula_5,3
Usuario_18,Pelicula_6,4
Usuario_18,Pelicula_7,3
Usuario_18,Pelicula_8,5
Usuario_18,Pelicula_9,4
Usuario_18,Pelicula_12,5
Usuario_18,Pelicula_13,1
Usuario_18,Pelicula_14,3
Usuario_18,Pelicula_15,5
Usuario_18,Pelicula_16,2
Usuario_18,Pelicula_17,1
Usuario_18,Pelicula_19,2
Usuario_18,Pelicula_20,3
Usuario_18,Pelicula_21,5
Usuario_18,Pelicula_22,4
Usuario_18,Pelicula_23,3
Usuario_18,Pelicula_24,3
Usuario_18,Pelicula_25,4
Usuario_18,Pelicula_29,3
Usuario_18,Pelicula_30,2
Usuario_18,Pelicula_31,3
Usuario_18,Pelicula_32,1
Usuario_18,Pelicula_33,2
Usuario_18,Pelicula_35,1
Usuario_18,Pelicula_36,4
Usuario_18,Pelicula_37,2
Usuario_18,Pelicula_39,5
Usuario_18,Pelicula_42,5
Usuario_18,Pelicula_43,3
Usuario_18,Pelicula_45,1
Usuario_18,Pelicula_47,2
Usuario_18,Pelicula_48,1
Usuario_18,Pelicula_49,3
Usuario_18,Pelicula_50,3
Usuario_19,Pelicula_1,1
Usuario_19,Pelicula_2,4
Usuario_19,Pelicula_3,2
Usuario_19,Pelicula_4,1
Usuario_19,Pelicula_5,2
Usuario_19,Pelicula_6,1
Usuario_19,Pelicula_7,4
Usuario_19,Pelicula_8,4
Usuario_19,Pelicula_11,4
Usuario_19,Pelicula_12,3
Usuario_19,Pelicula_13,4
Usuario_19,Pelicula_14,1
Usuario_19,Pelicula_19,2
Usuario_19,Pelicula_20,1
Usuario_19,Pelicula_22,4
Usuario_19,Pelicula_23,4
Usuario_19,Pelicula_25,1
Usuario_19,Pelicula_26,4
Usuario_19,Pelicula_27,5
Usuario_19,Pelicula_28,2
Usuario_19,Pelicula_29,4
Usuario_19,Pelicula_30,3
Usuario_19,Pelicula_31,1
Usuario_19,Pelicula_32,1
Usuario_19,Pelicula_35,3
Usuario_19,Pelicula_36,1
Usuario_19,Pelicula_37,2
Usuario_19,Pelicula_38,2
Usuario_19,Pelicula_39,1
Usuario_19,Pelicula_40,5
Usuario_19,Pelicula_41,5
Usuario_19,Pelicula_42,3
Usuario_19,Pelicula_43,1
Usuario_19,Pelicula_44,1
Usuario_19,Pelicula_47,5
Usuario_19,Pelicula_48,5
Usuario_19,Pelicula_49,5
Usuario_20,Pelicula_1,2
Usuario_20,Pelicula_2,5
Usuario_20,Pelicula_3,2
Usuario_20,Pelicula_5,5
Usuario_20,Pelicula_6,2
Usuario_20,Pelicula_7,2
Usuario_20,Pelicula_9,4
Usuario_20,Pelicula_10,2
Usuario_20,Pelicula_12,5
Usuario_20,Pelicula_13,1
Usuario_20,Pelicula_14,4
Usuario_20,Pelicula_15,4
Usuario_20,Pelicula_16,5
Usuario_20,Pelicula_17,3
Usuario_20,Pelicula_18,5
Usuario_20,Pelicula_19,4
Usuario_20,Pelicula_20,3
Usuario_20,Pelicula_21,4
Usuario_20,Pelicula_23,4
Usuario_20,Pelicula_25,5
Usuario_20,Pelicula_27,5
Usuario_20,Pelicula_28,1
Usuario_20,Pelicula_31,3
Usuario_20,Pelicula_32,5
Usuario_20,Pelicula_33,5
Usuario_20,Pelicula_35,5
Usuario_20,Pelicula_37,5
Usuario_20,Pelicula_39,3
Usuario_20,Pelicula_40,2
Usuario_20,Pelicula_41,4
Usuario_20,Pelicula_42,1
Usuario_20,Pelicula_44,4
Usuario_20,Pelicula_45,4
Usuario_20,Pelicula_48,3
Usuario_20,Pelicula_49,2
Usuario_20,Pelicula_50,3
Usuario_21,Pelicula_1,2
Usuario_21,Pelicula_3,1
Usuario_21,Pelicula_5,4
Usuario_21,Pelicula_7,3
Usuario_21,Pelicula_8,1
Usuario_21,Pelicula_9,5
Usuario_21,Pelicula_10,2
Usuario_21,Pelicula_13,5
Usuario_21,Pelicula_14,1
Usuario_21,Pelicula_15,1
Usuario_21,Pelicula_16,4
Usuario_21,Pelicula_17,4
Usuario_21,Pelicula_18,1
Usuario_21,Pelicula_19,4
Usuario_21,Pelicula_20,2
Usuario_21,Pelicula_24,4
Usuario_21,Pelicula_26,3
Usuario_21,Pelicula_27,2
Usuario_21,Pelicula_28,2
Usuario_21,Pelicula_29,1
Usuario_21,Pelicula_30,4
Usuario_21,Pelicula_31,4
Usuario_21,Pelicula_32,1
Usuario_21,Pelicula_34,4
Usuario_21,Pelicula_36,1
Usuario_21,Pelicula_39,4
Usuario_21,Pelicula_40,2
Usuario_21,Pelicula_41,4
Usuario_21,Pelicula_42,2
Usuario_21,Pelicula_43,5
Usuario_21,Pelicula_44,1
Usuario_21,Pelicula_46,4
Usuario_21,Pelicula_47,5
Usuario_21,Pelicula_48,3
Usuario_21,Pelicula_49,2
Usuario_21,Pelicula_50,4
Usuario_22,Pelicula_1,4
Usuario_22,Pelicula_2,2
Usuario_22,Pelicula_3,1
Usuario_22,Pelicula_4,2
Usuario_22,Pelicula_5,1
Usuario_22,Pelicula_8,2
Usuario_22,Pelicula_9,5
Usuario_22,Pelicula_10,4
Usuario_22,Pelicula_11,3
Usuario_22,Pelicula_12,2
Usuario_22,Pelicula_13,1
Usuario_22,Pelicula_15,4
Usuario_22,Pelicula_16,3
Usuario_22,Pelicula_17,4
Usuario_22,Pelicula_18,1
Usuario_22,Pelicula_19,2
Usuario_22,Pelicula_20,2
Usuario_22,Pelicula_22,3
Usuario_22,Pelicula_23,5
Usuario_22,Pelicula_25,5
Usuario_22,Pelicula_26,3
Usuario_22,Pelicula_27,4
Usuario_22,Pelicula_28,1
Usuario_22,Pelicula_29,5
Usuario_22,Pelicula_30,2
Usuario_22,Pelicula_31,2
Usuario_22,Pelicula_32,3
Usuario_22,Pelicula_33,2
Usuario_22,Pelicula_34,1
Usuario_22,Pelicula_35,2
Usuario_22,Pelicula_36,5
Usuario_22,Pelicula_40,2
Usuario_22,Pelicula_41,2
Usuario_22,Pelicula_43,2
Usuario_22,Pelicula_46,1
Usuario_22,Pelicula_47,1
Usuario_22,Pelicula_48,4
Usuario_22,Pelicula_50,5
Usuario_23,Pelicula_2,1
Usuario_23,Pelicula_3,3
Usuario_23,Pelicula_4,2
Usuario_23,Pelicula_5,3
Usuario_23,Pelicula_6,2
Usuario_23,Pelicula_7,4
Usuario_23,Pelicula_8,1
Usuario_23,Pelicula_9,5
Usuario_23,Pelicula_10,5
Usuario_23,Pelicula_11,5
Usuario_23,Pelicula_12,1
Usuario_23,Pelicula_13,2
Usuario_23,Pelicula_14,4
Usuario_23,Pelicula_15,5
Usuario_23,Pelicula_18,5
Usuario_23,Pelicula_19,1
Usuario_23,Pelicula_20,4
Usuario_23,Pelicula_21,3
Usuario_23,Pelicula_24,3
Usuario_23,Pelicula_25,3
Usuario_23,Pelicula_26,2
Usuario_23,Pelicula_28,5
Usuario_23,Pelicula_29,1
Usuario_23,Pelicula_30,5
Usuario_23,Pelicula_31,1
Usuario_23,Pelicula_32,2
Usuario_23,Pelicula_33,4
Usuario_23,Pelicula_34,4
Usuario_23,Pelicula_35,4
Usuario_23,Pelicula_36,5
Usuario_23,Pelicula_37,2
Usuario_23,Pelicula_38,3
Usuario_23,Pelicula_39,2
Usuario_23,Pelicula_40,2
Usuario_23,Pelicula_42,5
Usuario_23,Pelicula_43,3
Usuario_23,Pelicula_45,3
Usuario_23,Pelicula_46,2
Usuario_23,Pelicula_49,1
Usuario_23,Pelicula_50,3
Usuario_24,Pelicula_1,1
Usuario_24,Pelicula_2,2
Usuario_24,Pelicula_3,3
Usuario_24,Pelicula_4,1
Usuario_24,Pelicula_6,4
Usuario_24,Pelicula_8,4
Usuario_24,Pelicula_9,3
Usuario_24,Pelicula_10,3
Usuario_24,Pelicula_12,4
Usuario_24,Pelicula_13,3
Usuario_24,Pelicula_14,3
Usuario_24,Pelicula_16,2
Usuario_24,Pelicula_18,5
Usuario_24,Pelicula_21,3
Usuario_24,Pelicula_22,5
Usuario_24,Pelicula_23,3
Usuario_24,Pelicula_24,4
Usuario_24,Pelicula_25,4
Usuario_24,Pelicula_31,5
Usuario_24,Pelicula_32,5
Usuario_24,Pelicula_34,3
Usuario_24,Pelicula_35,2
Usuario_24,Pelicula_37,5
Usuario_24,Pelicula_41,4
Usuario_24,Pelicula_42,3
Usuario_24,Pelicula_43,3
Usuario_24,Pelicula_44,4
Usuario_24,Pelicula_45,2
Usuario_24,Pelicula_46,5
Usuario_24,Pelicula_47,2
Usuario_24,Pelicula_48,1
Usuario_24,Pelicula_50,1
Usuario_25,Pelicula_1,2
Usuario_25,Pelicula_4,5
Usuario_25,Pelicula_5,3
Usuario_25,Pelicula_6,1
Usuario_25,Pelicula_7,4
Usuario_25,Pelicula_8,1
Usuario_25,Pelicula_9,4
Usuario_25,Pelicula_12,1
Usuario_25,Pelicula_14,3
Usuario_25,Pelicula_17,4
Usuario_25,Pelicula_18,2
Usuario_25,Pelicula_19,4
Usuario_25,Pelicula_20,2
Usuario_25,Pelicula_21,1
Usuario_25,Pelicula_22,5
Usuario_25,Pelicula_23,3
Usuario_25,Pelicula_24,5
Usuario_25,Pelicula_25,2
Usuario_25,Pelicula_28,2
Usuario_25,Pelicula_29,5
Usuario_25,Pelicula_30,2
Usuario_25,Pelicula_31,2
Usuario_25,Pelicula_34,2
Usuario_25,Pelicula_35,3
Usuario_25,Pelicula_36,2
Usuario_25,Pelicula_37,2
Usuario_25,Pelicula_38,5
Usuario_25,Pelicula_39,4
Usuario_25,Pelicula_40,4
Usuario_25,Pelicula_41,5
Usuario_25,Pelicula_42,5
Usuario_25,Pelicula_43,4
Usuario_25,Pelicula_44,2
Usuario_25,Pelicula_46,4
Usuario_25,Pelicula_50,1
Usuario_26,Pelicula_1,2
Usuario_26,Pelicula_4,5
Usuario_26,Pelicula_5,4
Usuario_26,Pelicula_6,4
Usuario_26,Pelicula_10,1
Usuario_26,Pelicula_11,3
Usuario_26,Pelicula_12,2
Usuario_26,Pelicula_13,5
Usuario_26,Pelicula_14,1
Usuario_26,Pelicula_15,5
Usuario_26,Pelicula_16,3
Usuario_26,Pelicula_19,1
Usuario_26,Pelicula_21,1
Usuario_26,Pelicula_22,1
Usuario_26,Pelicula_24,3
Usuario_26,Pelicula_25,1
Usuario_26,Pelicula_26,4
Usuario_26,Pelicula_27,5
Usuario_26,Pelicula_30,3
Usuario_26,Pelicula_31,4
Usuario_26,Pelicula_32,4
Usuario_26,Pelicula_34,5
Usuario_26,Pelicula_35,4
Usuario_26,Pelicula_36,3
Usuario_26,Pelicula_37,4
Usuario_26,Pelicula_39,4
Usuario_26,Pelicula_41,2
Usuario_26,Pelicula_42,3
Usuario_26,Pelicula_43,1
Usuario_26,Pelicula_44,3
Usuario_26,Pelicula_47,1
Usuario_26,Pelicula_48,2
Usuario_26,Pelicula_49,2
Usuario_27,Pelicula_3,3
Usuario_27,Pelicula_5,5
Usuario_27,Pelicula_7,5
Usuario_27,Pelicula_8,5
Usuario_27,Pelicula_9,2
Usuario_27,Pelicula_12,4
Usuario_27,Pelicula_14,4
Usuario_27,Pelicula_16,1
Usuario_27,Pelicula_17,2
Usuario_27,Pelicula_18,5
Usuario_27,Pelicula_19,2
Usuario_27,Pelicula_22,3
Usuario_27,Pelicula_23,3
Usuario_27,Pelicula_24,1
Usuario_27,Pelicula_26,2
Usuario_27,Pelicula_29,3
Usuario_27,Pelicula_30,3
Usuario_27,Pelicula_31,4
Usuario_27,Pelicula_33,1
Usuario_27,Pelicula_34,4
Usuario_27,Pelicula_35,3
Usuario_27,Pelicula_37,1
Usuario_27,Pelicula_38,4
Usuario_27,Pelicula_39,1
Usuario_27,Pelicula_40,2
Usuario_27,Pelicula_41,4
Usuario_27,Pelicula_42,4
Usuario_27,Pelicula_43,5
Usuario_27,Pelicula_44,5
Usuario_27,Pelicula_45,2
Usuario_27,Pelicula_46,2
Usuario_27,Pelicula_47,3
Usuario_27,Pelicula_49,1
Usuario_28,Pelicula_1,2
Usuario_28,Pelicula_2,1
Usuario_28,Pelicula_3,3
Usuario_28,Pelicula_4,2
Usuario_28,Pelicula_5,4
Usuario_28,Pelicula_6,4
Usuario_28,Pelicula_10,3
Usuario_28,Pelicula_11,1
Usuario_28,Pelicula_12,3
Usuario_28,Pelicula_15,4
Usuario_28,Pelicula_17,4
Usuario_28,Pelicula_18,3
Usuario_28,Pelicula_19,3
Usuario_28,Pelicula_20,2
Usuario_28,Pelicula_21,5
Usuario_28,Pelicula_23,5
Usuario_28,Pelicula_24,3
Usuario_28,Pelicula_25,3
Usuario_28,Pelicula_26,2
Usuario_28,Pelicula_27,5
Usuario_28,Pelicula_28,3
Usuario_28,Pelicula_29,4
Usuario_28,Pelicula_33,1
Usuario_28,Pelicula_34,2
Usuario_28,Pelicula_35,3
Usuario_28,Pelicula_36,2
Usuario_28,Pelicula_38,2
Usuario_28,Pelicula_39,2
Usuario_28,Pelicula_40,5
Usuario_28,Pelicula_41,2
Usuario_28,Pelicula_42,5
Usuario_28,Pelicula_43,4
Usuario_28,Pelicula_45,1
Usuario_28,Pelicula_46,1
Usuario_28,Pelicula_48,1
Usuario_28,Pelicula_50,2
Usuario_29,Pelicula_1,4
Usuario_29,Pelicula_3,3
Usuario_29,Pelicula_4,1
Usuario_29,Pelicula_5,3
Usuario_29,Pelicula_7,1
Usuario_29,Pelicula_8,4
Usuario_29,Pelicula_11,2
Usuario_29,Pelicula_12,2
Usuario_29,Pelicula_13,1
Usuario_29,Pelicula_14,4
Usuario_29,Pelicula_15,5
Usuario_29,Pelicula_16,4
Usuario_29,Pelicula_18,5
Usuario_29,Pelicula_20,1
Usuario_29,Pelicula_21,3
Usuario_29,Pelicula_24,4
Usuario_29,Pelicula_25,2
Usuario_29,Pelicula_26,3
Usuario_29,Pelicula_29,4
Usuario_29,Pelicula_30,3
Usuario_29,Pelicula_31,4
Usuario_29,Pelicula_32,5
Usuario_29,Pelicula_33,2
Usuario_29,Pelicula_35,4
Usuario_29,Pelicula_36,3
Usuario_29,Pelicula_37,3
Usuario_29,Pelicula_38,5
Usuario_29,Pelicula_40,3
Usuario_29,Pelicula_41,1
Usuario_29,Pelicula_42,4
Usuario_29,Pelicula_43,3
Usuario_29,Pelicula_45,3
Usuario_29,Pelicula_46,5
Usuario_29,Pelicula_47,5
Usuario_29,Pelicula_49,5
Usuario_30,Pelicula_1,1
Usuario_30,Pelicula_2,5
Usuario_30,Pelicula_3,5
Usuario_30,Pelicula_4,2
Usuario_30,Pelicula_5,4
Usuario_30,Pelicula_7,5
Usuario_30,Pelicula_9,2
Usuario_30,Pelicula_10,1
Usuario_30,Pelicula_12,2
Usuario_30,Pelicula_18,1
Usuario_30,Pelicula_19,5
Usuario_30,Pelicula_20,4
Usuario_30,Pelicula_21,4
Usuario_30,Pelicula_22,1
Usuario_30,Pelicula_23,2
Usuario_30,Pelicula_24,4
Usuario_30,Pelicula_25,1
Usuario_30,Pelicula_28,2
Usuario_30,Pelicula_30,1
Usuario_30,Pelicula_31,3
Usuario_30,Pelicula_32,3
Usuario_30,Pelicula_35,3
Usuario_30,Pelicula_36,4
Usuario_30,Pelicula_37,4
Usuario_30,Pelicula_41,1
Usuario_30,Pelicula_42,1
Usuario_30,Pelicula_43,5
Usuario_30,Pelicula_44,2
Usuario_30,Pelicula_45,5
Usuario_30,Pelicula_46,2
Usuario_30,Pelicula_47,4
Usuario_30,Pelicula_48,4
Usuario_30,Pelicula_50,1
Usuario_31,Pelicula_1,4
Usuario_31,Pelicula_2,1
Usuario_31,Pelicula_3,3
Usuario_31,Pelicula_4,1
Usuario_31,Pelicula_5,5
Usuario_31,Pelicula_6,3
Usuario_31,Pelicula_8,2
Usuario_31,Pelicula_9,4
Usuario_31,Pelicula_10,5
Usuario_31,Pelicula_11,5
Usuario_31,Pelicula_12,5
Usuario_31,Pelicula_13,1
Usuario_31,Pelicula_16,1
Usuario_31,Pelicula_18,1
Usuario_31,Pelicula_19,3
Usuario_31,Pelicula_20,3
Usuario_31,Pelicula_21,4
Usuario_31,Pelicula_23,4
Usuario_31,Pelicula_25,4
Usuario_31,Pelicula_26,2
Usuario_31,Pelicula_27,4
Usuario_31,Pelicula_28,4
Usuario_31,Pelicula_30,2
Usuario_31,Pelicula_31,4
Usuario_31,Pelicula_34,1
Usuario_31,Pelicula_35,5
Usuario_31,Pelicula_37,3
Usuario_31,Pelicula_39,4
Usuario_31,Pelicula_44,3
Usuario_31,Pelicula_46,2
Usuario_31,Pelicula_47,1
Usuario_31,Pelicula_49,2
Usuario_31,Pelicula_50,3
Usuario_32,Pelicula_1,5
Usuario_32,Pelicula_4,5
Usuario_32,Pelicula_5,1
Usuario_32,Pelicula_6,1
Usuario_32,Pelicula_8,1
Usuario_32,Pelicula_9,2
Usuario_32,Pelicula_10,4
Usuario_32,Pelicula_11,4
Usuario_32,Pelicula_12,2
Usuario_32,Pelicula_13,2
Usuario_32,Pelicula_14,3
Usuario_32,Pelicula_15,2
Usuario_32,Pelicula_16,2
Usuario_32,Pelicula_18,5
Usuario_32,Pelicula_19,3
Usuario_32,Pelicula_20,4
Usuario_32,Pelicula_21,3
Usuario_32,Pelicula_22,2
Usuario_32,Pelicula_24,4
Usuario_32,Pelicula_25,5
Usuario_32,Pelicula_26,5
Usuario_32,Pelicula_28,2
Usuario_32,Pelicula_29,3
Usuario_32,Pelicula_31,4
Usuario_32,Pelicula_32,4
Usuario_32,Pelicula_34,2
Usuario_32,Pelicula_35,1
Usuario_32,Pelicula_36,2
Usuario_32,Pelicula_38,5
Usuario_32,Pelicula_39,2
Usuario_32,Pelicula_42,4
Usuario_32,Pelicula_43,1
Usuario_32,Pelicula_44,2
Usuario_32,Pelicula_45,5
Usuario_32,Pelicula_47,2
Usuario_32,Pelicula_48,5
Usuario_32,Pelicula_49,5
Usuario_33,Pelicula_2,2
Usuario_33,Pelicula_3,1
Usuario_33,Pelicula_4,5
Usuario_33,Pelicula_5,1
Usuario_33,Pelicula_8,3
Usuario_33,Pelicula_9,5
Usuario_33,Pelicula_10,2
Usuario_33,Pelicula_11,4
Usuario_33,Pelicula_12,1
Usuario_33,Pelicula_13,1
Usuario_33,Pelicula_14,4
Usuario_33,Pelicula_15,4
Usuario_33,Pelicula_16,1
Usuario_33,Pelicula_17,1
Usuario_33,Pelicula_18,1
Usuario_33,Pelicula_20,5
Usuario_33,Pelicula_22,3
Usuario_33,Pelicula_23,4
Usuario_33,Pelicula_24,2
Usuario_33,Pelicula_26,1
Usuario_33,Pelicula_28,3
Usuario_33,Pelicula_29,4
Usuario_33,Pelicula_30,4
Usuario_33,Pelicula_31,5
Usuario_33,Pelicula_32,1
Usuario_33,Pelicula_33,3
Usuario_33,Pelicula_34,2
Usuario_33,Pelicula_35,3
Usuario_33,Pelicula_36,1
Usuario_33,Pelicula_37,4
Usuario_33,Pelicula_38,4
Usuario_33,Pelicula_39,1
Usuario_33,Pelicula_40,2
Usuario_33,Pelicula_41,5
Usuario_33,Pelicula_42,4
Usuario_33,Pelicula_43,4
Usuario_33,Pelicula_45,4
Usuario_33,Pelicula_46,1
Usuario_33,Pelicula_47,1
Usuario_33,Pelicula_49,5
Usuario_33,Pelicula_50,3
Usuario_34,Pelicula_1,5
Usuario_34,Pelicula_3,5
Usuario_34,Pelicula_4,2
Usuario_34,Pelicula_5,3
Usuario_34,Pelicula_6,3
Usuario_34,Pelicula_7,1
Usuario_34,Pelicula_8,3
Usuario_34,Pelicula_9,2
Usuario_34,Pelicula_14,5
Usuario_34,Pelicula_15,2
Usuario_34,Pelicula_16,3
Usuario_34,Pelicula_17,5
Usuario_34,Pelicula_18,2
Usuario_34,Pelicula_19,5
Usuario_34,Pelicula_20,3
Usuario_34,Pelicula_21,4
Usuario_34,Pelicula_22,4
Usuario_34,Pelicula_25,2
Usuario_34,Pelicula_26,2
Usuario_34,Pelicula_27,5
Usuario_34,Pelicula_28,5
Usuario_34,Pelicula_30,1
Usuario_34,Pelicula_31,4
Usuario_34,Pelicula_32,4
Usuario_34,Pelicula_33,2
Usuario_34,Pelicula_34,4
Usuario_34,Pelicula_35,2
Usuario_34,Pelicula_36,1
Usuario_34,Pelicula_37,3
Usuario_34,Pelicula_38,2
Usuario_34,Pelicula_39,5
Usuario_34,Pelicula_41,5
Usuario_34,Pelicula_43,1
Usuario_34,Pelicula_44,3
Usuario_34,Pelicula_46,1
Usuario_34,Pelicula_47,2
Usuario_34,Pelicula_48,3
Usuario_34,Pelicula_49,4
Usuario_35,Pelicula_2,3
Usuario_35,Pelicula_3,2
Usuario_35,Pelicula_6,1
Usuario_35,Pelicula_7,2
Usuario_35,Pelicula_9,5
Usuario_35,Pelicula_13,5
Usuario_35,Pelicula_15,5
Usuario_35,Pelicula_16,5
Usuario_35,Pelicula_17,4
Usuario_35,Pelicula_18,5
Usuario_35,Pelicula_19,4
Usuario_35,Pelicula_22,1
Usuario_35,Pelicula_23,4
Usuario_35,Pelicula_24,3
Usuario_35,Pelicula_26,3
Usuario_35,Pelicula_27,3
Usuario_35,Pelicula_28,5
Usuario_35,Pelicula_29,1
Usuario_35,Pelicula_31,1
Usuario_35,Pelicula_35,4
Usuario_35,Pelicula_36,4
Usuario_35,Pelicula_37,3
Usuario_35,Pelicula_38,5
Usuario_35,Pelicula_39,5
Usuario_35,Pelicula_40,4
Usuario_35,Pelicula_41,4
Usuario_35,Pelicula_44,5
Usuario_35,Pelicula_45,1
Usuario_35,Pelicula_47,5
Usuario_35,Pelicula_48,3
Usuario_35,Pelicula_50,5
Usuario_36,Pelicula_2,4
Usuario_36,Pelicula_3,4
Usuario_36,Pelicula_4,2
Usuario_36,Pelicula_5,2
Usuario_36,Pelicula_6,1
Usuario_36,Pelicula_7,2
Usuario_36,Pelicula_11,1
Usuario_36,Pelicula_13,1
Usuario_36,Pelicula_14,1
Usuario_36,Pelicula_15,1
Usuario_36,Pelicula_16,2
Usuario_36,Pelicula_19,2
Usuario_36,Pelicula_20,4
Usuario_36,Pelicula_21,1
Usuario_36,Pelicula_22,4
Usuario_36,Pelicula_24,3
Usuario_36,Pelicula_25,2
Usuario_36,Pelicula_28,2
Usuario_36,Pelicula_29,1
Usuario_36,Pelicula_30,1
Usuario_36,Pelicula_34,1
Usuario_36,Pelicula_35,5
Usuario_36,Pelicula_36,2
Usuario_36,Pelicula_37,5
Usuario_36,Pelicula_38,5
Usuario_36,Pelicula_39,2
Usuario_36,Pelicula_40,5
Usuario_36,Pelicula_42,5
Usuario_36,Pelicula_43,5
Usuario_36,Pelicula_46,4
Usuario_36,Pelicula_47,1
Usuario_36,Pelicula_48,4
Usuario_36,Pelicula_49,3
Usuario_36,Pelicula_50,5
Usuario_37,Pelicula_1,1
Usuario_37,Pelicula_2,4
Usuario_37,Pelicula_3,5
Usuario_37,Pelicula_5,4
Usuario_37,Pelicula_6,2
Usuario_37,Pelicula_7,4
Usuario_37,Pelicula_9,4
Usuario_37,Pelicula_11,4
Usuario_37,Pelicula_12,1
Usuario_37,Pelicula_17,4
Usuario_37,Pelicula_18,4
Usuario_37,Pelicula_21,1
Usuario_37,Pelicula_23,5
Usuario_37,Pelicula_24,2
Usuario_37,Pelicula_25,1
Usuario_37,Pelicula_27,1
Usuario_37,Pelicula_28,3
Usuario_37,Pelicula_29,3
Usuario_37,Pelicula_30,3
Usuario_37,Pelicula_31,2
Usuario_37,Pelicula_32,5
Usuario_37,Pelicula_34,2
Usuario_37,Pelicula_36,1
Usuario_37,Pelicula_37,5
Usuario_37,Pelicula_39,3
Usuario_37,Pelicula_40,1
Usuario_37,Pelicula_41,2
Usuario_37,Pelicula_42,4
Usuario_37,Pelicula_43,3
Usuario_37,Pelicula_45,3
Usuario_37,Pelicula_46,5
Usuario_37,Pelicula_47,3
Usuario_37,Pelicula_48,1
Usuario_37,Pelicula_49,5
Usuario_37,Pelicula_50,1
Usuario_38,Pelicula_1,1
Usuario_38,Pelicula_3,1
Usuario_38,Pelicula_4,1
Usuario_38,Pelicula_6,5
Usuario_38,Pelicula_7,3
Usuario_38,Pelicula_8,1
Usuario_38,Pelicula_11,2
Usuario_38,Pelicula_12,3
Usuario_38,Pelicula_13,1
Usuario_38,Pelicula_14,3
Usuario_38,Pelicula_16,2
Usuario_38,Pelicula_17,2
Usuario_38,Pelicula_18,1
Usuario_38,Pelicula_19,2
Usuario_38,Pelicula_20,3
Usuario_38,Pelicula_22,5
Usuario_38,Pelicula_23,1
Usuario_38,Pelicula_24,5
Usuario_38,Pelicula_25,3
Usuario_38,Pelicula_26,5
Usuario_38,Pelicula_27,2
Usuario_38,Pelicula_28,1
Usuario_38,Pelicula_29,2
Usuario_38,Pelicula_32,1
Usuario_38,Pelicula_33,3
Usuario_38,Pelicula_34,5
Usuario_38,Pelicula_35,4
Usuario_38,Pelicula_36,2
Usuario_38,Pelicula_37,1
Usuario_38,Pelicula_39,2
Usuario_38,Pelicula_41,3
Usuario_38,Pelicula_42,3
Usuario_38,Pelicula_45,1
Usuario_38,Pelicula_46,4
Usuario_38,Pelicula_48,2
Usuario_38,Pelicula_49,3
Usuario_38,Pelicula_50,5
Usuario_39,Pelicula_1,3
Usuario_39,Pelicula_2,1
Usuario_39,Pelicula_3,3
Usuario_39,Pelicula_4,4
Usuario_39,Pelicula_5,3
Usuario_39,Pelicula_8,5
Usuario_39,Pelicula_14,4
Usuario_39,Pelicula_15,1
Usuario_39,Pelicula_16,2
Usuario_39,Pelicula_17,2
Usuario_39,Pelicula_18,4
Usuario_39,Pelicula_19,3
Usuario_39,Pelicula_20,5
Usuario_39,Pelicula_22,4
Usuario_39,Pelicula_23,1
Usuario_39,Pelicula_24,4
Usuario_39,Pelicula_26,5
Usuario_39,Pelicula_27,2
Usuario_39,Pelicula_28,5
Usuario_39,Pelicula_29,3
Usuario_39,Pelicula_30,3
Usuario_39,Pelicula_31,4
Usuario_39,Pelicula_32,5
Usuario_39,Pelicula_33,3
Usuario_39,Pelicula_34,3
Usuario_39,Pelicula_35,3
Usuario_39,Pelicula_36,5
Usuario_39,Pelicula_37,1
Usuario_39,Pelicula_38,5
Usuario_39,Pelicula_39,3
Usuario_39,Pelicula_40,2
Usuario_39,Pelicula_42,3
Usuario_39,Pelicula_43,4
Usuario_39,Pelicula_45,4
Usuario_39,Pelicula_47,4
Usuario_39,Pelicula_48,2
Usuario_39,Pelicula_49,1
Usuario_39,Pelicula_50,3
Usuario_40,Pelicula_1,1
Usuario_40,Pelicula_2,1
Usuario_40,Pelicula_3,5
Usuario_40,Pelicula_5,1
Usuario_40,Pelicula_6,1
Usuario_40,Pelicula_8,4
Usuario_40,Pelicula_9,1
Usuario_40,Pelicula_10,3
Usuario_40,Pelicula_11,1
Usuario_40,Pelicula_12,5
Usuario_40,Pelicula_13,2
Usuario_40,Pelicula_15,4
Usuario_40,Pelicula_16,2
Usuario_40,Pelicula_17,1
Usuario_40,Pelicula_19,2
Usuario_40,Pelicula_20,3
Usuario_40,Pelicula_26,5
Usuario_40,Pelicula_27,3
Usuario_40,Pelicula_28,1
Usuario_40,Pelicula_29,1
Usuario_40,Pelicula_30,5
Usuario_40,Pelicula_32,1
Usuario_40,Pelicula_33,3
Usuario_40,Pelicula_35,1
Usuario_40,Pelicula_36,3
Usuario_40,Pelicula_37,2
Usuario_40,Pelicula_38,4
Usuario_40,Pelicula_39,1
Usuario_40,Pelicula_40,4
Usuario_40,Pelicula_43,5
Usuario_40,Pelicula_45,5
Usuario_40,Pelicula_47,4
Usuario_40,Pelicula_49,5
Usuario_41,Pelicula_2,1
Usuario_41,Pelicula_6,1
Usuario_41,Pelicula_8,3
Usuario_41,Pelicula_10,2
Usuario_41,Pelicula_11,4
Usuario_41,Pelicula_13,5
Usuario_41,Pelicula_14,5
Usuario_41,Pelicula_15,3
Usuario_41,Pelicula_17,5
Usuario_41,Pelicula_18,4
Usuario_41,Pelicula_19,3
Usuario_41,Pelicula_21,5
Usuario_41,Pelicula_23,1
Usuario_41,Pelicula_24,5
Usuario_41,Pelicula_25,1
Usuario_41,Pelicula_27,3
Usuario_41,Pelicula_29,2
Usuario_41,Pelicula_30,2
Usuario_41,Pelicula_31,1
Usuario_41,Pelicula_32,2
Usuario_41,Pelicula_33,4
Usuario_41,Pelicula_36,3
Usuario_41,Pelicula_39,1
Usuario_41,Pelicula_40,1
Usuario_41,Pelicula_41,5
Usuario_41,Pelicula_43,5
Usuario_41,Pelicula_44,1
Usuario_41,Pelicula_46,2
Usuario_41,Pelicula_47,3
Usuario_41,Pelicula_49,5
Usuario_42,Pelicula_1,3
Usuario_42,Pelicula_2,3
Usuario_42,Pelicula_4,5
Usuario_42,Pelicula_5,1
Usuario_42,Pelicula_6,4
Usuario_42,Pelicula_8,1
Usuario_42,Pelicula_12,4
Usuario_42,Pelicula_13,5
Usuario_42,Pelicula_14,4
Usuario_42,Pelicula_16,3
Usuario_42,Pelicula_18,5
Usuario_42,Pelicula_21,2
Usuario_42,Pelicula_22,1
Usuario_42,Pelicula_23,5
Usuario_42,Pelicula_25,4
Usuario_42,Pelicula_26,4
Usuario_42,Pelicula_27,1
Usuario_42,Pelicula_29,5
Usuario_42,Pelicula_30,4
Usuario_42,Pelicula_33,5
Usuario_42,Pelicula_34,3
Usuario_42,Pelicula_35,4
Usuario_42,Pelicula_36,2
Usuario_42,Pelicula_37,5
Usuario_42,Pelicula_38,2
Usuario_42,Pelicula_39,4
Usuario_42,Pelicula_40,2
Usuario_42,Pelicula_42,1
Usuario_42,Pelicula_45,2
Usuario_42,Pelicula_46,1
Usuario_42,Pelicula_47,3
Usuario_42,Pelicula_48,3
Usuario_42,Pelicula_49,4
Usuario_42,Pelicula_50,2
Usuario_43,Pelicula_2,2
Usuario_43,Pelicula_5,1
Usuario_43,Pelicula_7,4
Usuario_43,Pelicula_9,2
Usuario_43,Pelicula_11,1
Usuario_43,Pelicula_12,2
Usuario_43,Pelicula_13,5
Usuario_43,Pelicula_14,1
Usuario_43,Pelicula_15,5
Usuario_43,Pelicula_16,1
Usuario_43,Pelicula_17,1
Usuario_43,Pelicula_19,2
Usuario_43,Pelicula_20,3
Usuario_43,Pelicula_21,2
Usuario_43,Pelicula_22,5
Usuario_43,Pelicula_23,5
Usuario_43,Pelicula_25,3
Usuario_43,Pelicula_26,4
Usuario_43,Pelicula_27,5
Usuario_43,Pelicula_29,2
Usuario_43,Pelicula_30,5
Usuario_43,Pelicula_31,2
Usuario_43,Pelicula_32,1
Usuario_43,Pelicula_33,3
Usuario_43,Pelicula_34,4
Usuario_43,Pelicula_36,1
Usuario_43,Pelicula_39,3
Usuario_43,Pelicula_40,2
Usuario_43,Pelicula_42,3
Usuario_43,Pelicula_43,1
Usuario_43,Pelicula_44,5
Usuario_43,Pelicula_45,1
Usuario_43,Pelicula_46,2
Usuario_43,Pelicula_47,4
Usuario_43,Pelicula_48,3
Usuario_43,Pelicula_50,1
Usuario_44,Pelicula_1,2
Usuario_44,Pelicula_2,2
Usuario_44,Pelicula_4,4
Usuario_44,Pelicula_5,4
Usuario_44,Pelicula_6,2
Usuario_44,Pelicula_7,4
Usuario_44,Pelicula_8,3
Usuario_44,Pelicula_9,2
Usuario_44,Pelicula_12,1
Usuario_44,Pelicula_13,2
Usuario_44,Pelicula_14,5
Usuario_44,Pelicula_15,2
Usuario_44,Pelicula_18,1
Usuario_44,Pelicula_19,5
Usuario_44,Pelicula_20,5
Usuario_44,Pelicula_21,1
Usuario_44,Pelicula_23,1
Usuario_44,Pelicula_24,2
Usuario_44,Pelicula_27,1
Usuario_44,Pelicula_28,2
Usuario_44,Pelicula_30,4
Usuario_44,Pelicula_31,3
Usuario_44,Pelicula_33,4
Usuario_44,Pelicula_35,3
Usuario_44,Pelicula_36,2
Usuario_44,Pelicula_37,1
Usuario_44,Pelicula_38,2
Usuario_44,Pelicula_39,3
Usuario_44,Pelicula_40,4
Usuario_44,Pelicula_41,3
Usuario_44,Pelicula_42,2
Usuario_44,Pelicula_44,3
Usuario_44,Pelicula_45,4
Usuario_44,Pelicula_46,3
Usuario_44,Pelicula_47,3
Usuario_44,Pelicula_49,3
Usuario_44,Pelicula_50,1
Usuario_45,Pelicula_1,2
Usuario_45,Pelicula_2,1
Usuario_45,Pelicula_4,3
Usuario_45,Pelicula_5,4
Usuario_45,Pelicula_9,1
Usuario_45,Pelicula_10,5
Usuario_45,Pelicula_11,2
Usuario_45,Pelicula_12,2
Usuario_45,Pelicula_13,4
Usuario_45,Pelicula_15,1
Usuario_45,Pelicula_17,1
Usuario_45,Pelicula_18,1
Usuario_45,Pelicula_20,3
Usuario_45,Pelicula_22,2
Usuario_45,Pelicula_25,4
Usuario_45,Pelicula_28,4
Usuario_45,Pelicula_29,3
Usuario_45,Pelicula_30,5
Usuario_45,Pelicula_33,4
Usuario_45,Pelicula_35,5
Usuario_45,Pelicula_36,5
Usuario_45,Pelicula_37,3
Usuario_45,Pelicula_38,1
Usuario_45,Pelicula_40,1
Usuario_45,Pelicula_41,4
Usuario_45,Pelicula_42,4
Usuario_45,Pelicula_43,4
Usuario_45,Pelicula_44,1
Usuario_45,Pelicula_45,1
Usuario_45,Pelicula_46,4
Usuario_45,Pelicula_47,4
Usuario_45,Pelicula_49,3
Usuario_45,Pelicula_50,5
Usuario_46,Pelicula_1,1
Usuario_46,Pelicula_2,2
Usuario_46,Pelicula_3,1
Usuario_46,Pelicula_6,3
Usuario_46,Pelicula_9,3
Usuario_46,Pelicula_10,2
Usuario_46,Pelicula_11,2
Usuario_46,Pelicula_13,5
Usuario_46,Pelicula_14,1
Usuario_46,Pelicula_16,3
Usuario_46,Pelicula_17,3
Usuario_46,Pelicula_19,3
Usuario_46,Pelicula_22,5
Usuario_46,Pelicula_23,1
Usuario_46,Pelicula_24,4
Usuario_46,Pelicula_25,2
Usuario_46,Pelicula_26,4
Usuario_46,Pelicula_30,3
Usuario_46,Pelicula_31,1
Usuario_46,Pelicula_32,4
Usuario_46,Pelicula_33,1
Usuario_46,Pelicula_34,4
Usuario_46,Pelicula_35,2
Usuario_46,Pelicula_36,3
Usuario_46,Pelicula_37,5
Usuario_46,Pelicula_38,1
Usuario_46,Pelicula_39,4
Usuario_46,Pelicula_40,2
Usuario_46,Pelicula_41,3
Usuario_46,Pelicula_42,1
Usuario_46,Pelicula_43,4
Usuario_46,Pelicula_47,5
Usuario_46,Pelicula_48,5
Usuario_46,Pelicula_49,5
Usuario_46,Pelicula_50,4
Usuario_47,Pelicula_1,3
Usuario_47,Pelicula_4,2
Usuario_47,Pelicula_5,5
Usuario_47,Pelicula_9,4
Usuario_47,Pelicula_10,2
Usuario_47,Pelicula_11,2
Usuario_47,Pelicula_12,5
Usuario_47,Pelicula_13,5
Usuario_47,Pelicula_17,5
Usuario_47,Pelicula_18,2
Usuario_47,Pelicula_19,4
Usuario_47,Pelicula_21,1
Usuario_47,Pelicula_22,5
Usuario_47,Pelicula_24,2
Usuario_47,Pelicula_25,2
Usuario_47,Pelicula_26,1
Usuario_47,Pelicula_29,4
Usuario_47,Pelicula_30,3
Usuario_47,Pelicula_32,1
Usuario_47,Pelicula_33,1
Usuario_47,Pelicula_34,2
Usuario_47,Pelicula_35,1
Usuario_47,Pelicula_36,1
Usuario_47,Pelicula_37,1
Usuario_47,Pelicula_38,3
Usuario_47,Pelicula_39,3
Usuario_47,Pelicula_40,3
Usuario_47,Pelicula_42,2
Usuario_47,Pelicula_43,1
Usuario_47,Pelicula_44,4
Usuario_47,Pelicula_45,2
Usuario_47,Pelicula_46,5
Usuario_47,Pelicula_47,2
Usuario_47,Pelicula_49,3
Usuario_47,Pelicula_50,2
Usuario_48,Pelicula_4,3
Usuario_48,Pelicula_5,3
Usuario_48,Pelicula_6,1
Usuario_48,Pelicula_7,5
Usuario_48,Pelicula_8,4
Usuario_48,Pelicula_9,1
Usuario_48,Pelicula_10,2
Usuario_48,Pelicula_11,3
Usuario_48,Pelicula_12,4
Usuario_48,Pelicula_13,1
Usuario_48,Pelicula_14,2
Usuario_48,Pelicula_16,3
Usuario_48,Pelicula_17,4
Usuario_48,Pelicula_19,2
Usuario_48,Pelicula_20,2
Usuario_48,Pelicula_21,1
Usuario_48,Pelicula_23,5
Usuario_48,Pelicula_25,4
Usuario_48,Pelicula_26,2
Usuario_48,Pelicula_29,2
Usuario_48,Pelicula_30,5
Usuario_48,Pelicula_31,2
Usuario_48,Pelicula_33,3
Usuario_48,Pelicula_34,2
Usuario_48,Pelicula_37,4
Usuario_48,Pelicula_39,5
Usuario_48,Pelicula_41,1
Usuario_48,Pelicula_43,5
Usuario_48,Pelicula_44,5
Usuario_48,Pelicula_46,3
Usuario_48,Pelicula_48,2
Usuario_48,Pelicula_49,5
Usuario_49,Pelicula_1,1
Usuario_49,Pelicula_4,5
Usuario_49,Pelicula_5,1
Usuario_49,Pelicula_6,3
Usuario_49,Pelicula_8,2
Usuario_49,Pelicula_9,5
Usuario_49,Pelicula_10,2
Usuario_49,Pelicula_11,4
Usuario_49,Pelicula_13,1
Usuario_49,Pelicula_14,5
Usuario_49,Pelicula_15,1
Usuario_49,Pelicula_16,2
Usuario_49,Pelicula_19,3
Usuario_49,Pelicula_20,1
Usuario_49,Pelicula_21,3
Usuario_49,Pelicula_22,3
Usuario_49,Pelicula_23,3
Usuario_49,Pelicula_26,3
Usuario_49,Pelicula_27,1
Usuario_49,Pelicula_28,1
Usuario_49,Pelicula_29,4
Usuario_49,Pelicula_30,5
Usuario_49,Pelicula_32,2
Usuario_49,Pelicula_33,2
Usuario_49,Pelicula_35,4
Usuario_49,Pelicula_36,1
Usuario_49,Pelicula_37,4
Usuario_49,Pelicula_38,5
Usuario_49,Pelicula_39,3
Usuario_49,Pelicula_40,4
Usuario_49,Pelicula_43,5
Usuario_49,Pelicula_44,1
Usuario_49,Pelicula_46,2
Usuario_49,Pelicula_47,2
Usuario_49,Pelicula_48,2
Usuario_49,Pelicula_49,3
Usuario_49,Pelicula_50,4
Usuario_50,Pelicula_1,4
Usuario_50,Pelicula_2,2
Usuario_50,Pelicula_4,2
Usuario_50,Pelicula_5,3
Usuario_50,Pelicula_7,4
Usuario_50,Pelicula_8,3
Usuario_50,Pelicula_9,3
Usuario_50,Pelicula_11,2
Usuario_50,Pelicula_13,5
Usuario_50,Pelicula_14,4
Usuario_50,Pelicula_15,3
Usuario_50,Pelicula_16,5
Usuario_50,Pelicula_17,2
Usuario_50,Pelicula_18,2
Usuario_50,Pelicula_19,3
Usuario_50,Pelicula_20,4
Usuario_50,Pelicula_21,5
Usuario_50,Pelicula_22,2
Usuario_50,Pelicula_24,1
Usuario_50,Pelicula_25,5
Usuario_50,Pelicula_27,3
Usuario_50,Pelicula_28,1
Usuario_50,Pelicula_29,5
Usuario_50,Pelicula_30,1
Usuario_50,Pelicula_31,5
Usuario_50,Pelicula_33,1
Usuario_50,Pelicula_34,1
Usuario_50,Pelicula_35,5
Usuario_50,Pelicula_36,5
Usuario_50,Pelicula_37,2
Usuario_50,Pelicula_38,4
Usuario_50,Pelicula_39,2
Usuario_50,Pelicula_40,5
Usuario_50,Pelicula_42,4
Usuario_50,Pelicula_44,4
Usuario_50,Pelicula_45,5
Usuario_50,Pelicula_46,1
Usuario_50,Pelicula_47,3
Usuario_50,Pelicula_48,4
Usuario_50,Pelicula_49,1
Usuario_51,Pelicula_1,5
Usuario_51,Pelicula_2,1
Usuario_51,Pelicula_3,2
Usuario_51,Pelicula_5,1
Usuario_51,Pelicula_6,5
Usuario_51,Pelicula_8,3
Usuario_51,Pelicula_9,3
Usuario_51,Pelicula_11,5
Usuario_51,Pelicula_12,4
Usuario_51,Pelicula_13,4
Usuario_51,Pelicula_14,5
Usuario_51,Pelicula_16,5
Usuario_51,Pelicula_17,3
Usuario_51,Pelicula_18,3
Usuario_51,Pelicula_19,2
Usuario_51,Pelicula_20,3
Usuario_51,Pelicula_21,2
Usuario_51,Pelicula_22,4
Usuario_51,Pelicula_23,3
Usuario_51,Pelicula_24,2
Usuario_51,Pelicula_25,4
Usuario_51,Pelicula_29,5
Usuario_51,Pelicula_31,1
Usuario_51,Pelicula_32,5
Usuario_51,Pelicula_33,3
Usuario_51,Pelicula_34,2
Usuario_51,Pelicula_35,4
Usuario_51,Pelicula_37,1
Usuario_51,Pelicula_38,2
Usuario_51,Pelicula_43,2
Usuario_51,Pelicula_44,2
Usuario_51,Pelicula_46,4
Usuario_51,Pelicula_47,4
Usuario_51,Pelicula_49,4
Usuario_51,Pelicula_50,4
Usuario_52,Pelicula_1,4
Usuario_52,Pelicula_4,4
Usuario_52,Pelicula_5,2
Usuario_52,Pelicula_6,4
Usuario_52,Pelicula_7,3
Usuario_52,Pelicula_8,1
Usuario_52,Pelicula_9,1
Usuario_52,Pelicula_10,1
Usuario_52,Pelicula_11,5
Usuario_52,Pelicula_12,3
Usuario_52,Pelicula_14,5
Usuario_52,Pelicula_15,1
Usuario_52,Pelicula_16,3
Usuario_52,Pelicula_18,3
Usuario_52,Pelicula_19,3
Usuario_52,Pelicula_20,2
Usuario_52,Pelicula_21,3
Usuario_52,Pelicula_22,4
Usuario_52,Pelicula_23,4
Usuario_52,Pelicula_25,2
Usuario_52,Pelicula_26,4
Usuario_52,Pelicula_29,4
Usuario_52,Pelicula_30,5
Usuario_52,Pelicula_31,2
Usuario_52,Pelicula_32,2
Usuario_52,Pelicula_33,2
Usuario_52,Pelicula_34,1
Usuario_52,Pelicula_40,4
Usuario_52,Pelicula_41,2
Usuario_52,Pelicula_44,5
Usuario_52,Pelicula_47,5
Usuario_52,Pelicula_48,2
Usuario_52,Pelicula_49,5
Usuario_52,Pelicula_50,2
Usuario_53,Pelicula_1,3
Usuario_53,Pelicula_3,2
Usuario_53,Pelicula_4,2
Usuario_53,Pelicula_5,2
Usuario_53,Pelicula_7,2
Usuario_53,Pelicula_8,2
Usuario_53,Pelicula_9,5
Usuario_53,Pelicula_11,4
Usuario_53,Pelicula_12,4
Usuario_53,Pelicula_14,2
Usuario_53,Pelicula_15,4
Usuario_53,Pelicula_17,4
Usuario_53,Pelicula_18,1
Usuario_53,Pelicula_19,5
Usuario_53,Pelicula_21,2
Usuario_53,Pelicula_22,5
Usuario_53,Pelicula_23,1
Usuario_53,Pelicula_24,4
Usuario_53,Pelicula_25,3
Usuario_53,Pelicula_28,3
Usuario_53,Pelicula_30,3
Usuario_53,Pelicula_31,1
Usuario_53,Pelicula_34,1
Usuario_53,Pelicula_35,4
Usuario_53,Pelicula_36,2
Usuario_53,Pelicula_38,4
Usuario_53,Pelicula_39,2
Usuario_53,Pelicula_41,3
Usuario_53,Pelicula_43,1
Usuario_53,Pelicula_44,1
Usuario_53,Pelicula_46,1
Usuario_53,Pelicula_47,3
Usuario_53,Pelicula_48,2
Usuario_53,Pelicula_49,1
Usuario_53,Pelicula_50,4
Usuario_54,Pelicula_2,5
Usuario_54,Pelicula_5,1
Usuario_54,Pelicula_6,5
Usuario_54,Pelicula_7,5
Usuario_54,Pelicula_8,2
Usuario_54,Pelicula_9,5
Usuario_54,Pelicula_11,5
Usuario_54,Pelicula_13,3
Usuario_54,Pelicula_14,2
Usuario_54,Pelicula_15,1
Usuario_54,Pelicula_16,3
Usuario_54,Pelicula_17,3
Usuario_54,Pelicula_18,3
Usuario_54,Pelicula_19,4
Usuario_54,Pelicula_21,4
Usuario_54,Pelicula_22,3
Usuario_54,Pelicula_23,5
Usuario_54,Pelicula_24,4
Usuario_54,Pelicula_25,4
Usuario_54,Pelicula_26,1
Usuario_54,Pelicula_27,3
Usuario_54,Pelicula_29,2
Usuario_54,Pelicula_30,4
Usuario_54,Pelicula_31,5
Usuario_54,Pelicula_32,5
Usuario_54,Pelicula_35,2
Usuario_54,Pelicula_37,5
Usuario_54,Pelicula_38,2
Usuario_54,Pelicula_39,1
Usuario_54,Pelicula_40,1
Usuario_54,Pelicula_42,3
Usuario_54,Pelicula_43,1
Usuario_54,Pelicula_44,5
Usuario_54,Pelicula_45,1
Usuario_54,Pelicula_47,1
Usuario_54,Pelicula_49,3
Usuario_55,Pelicula_1,3
Usuario_55,Pelicula_2,5
Usuario_55,Pelicula_3,3
Usuario_55,Pelicula_4,4
Usuario_55,Pelicula_5,5
Usuario_55,Pelicula_6,4
Usuario_55,Pelicula_7,2
Usuario_55,Pelicula_9,1
Usuario_55,Pelicula_10,1
Usuario_55,Pelicula_11,5
Usuario_55,Pelicula_12,5
Usuario_55,Pelicula_15,3
Usuario_55,Pelicula_16,5
Usuario_55,Pelicula_18,3
Usuario_55,Pelicula_19,2
Usuario_55,Pelicula_20,2
Usuario_55,Pelicula_21,2
Usuario_55,Pelicula_22,1
Usuario_55,Pelicula_23,4
Usuario_55,Pelicula_27,4
Usuario_55,Pelicula_28,2
Usuario_55,Pelicula_29,1
Usuario_55,Pelicula_30,1
Usuario_55,Pelicula_31,4
Usuario_55,Pelicula_32,5
Usuario_55,Pelicula_33,3
Usuario_55,Pelicula_34,3
Usuario_55,Pelicula_35,5
Usuario_55,Pelicula_36,2
Usuario_55,Pelicula_37,5
Usuario_55,Pelicula_38,3
Usuario_55,Pelicula_40,2
Usuario_55,Pelicula_41,3
Usuario_55,Pelicula_42,1
Usuario_55,Pelicula_44,4
Usuario_55,Pelicula_45,1
Usuario_55,Pelicula_46,3
Usuario_55,Pelicula_47,5
Usuario_55,Pelicula_48,1
Usuario_55,Pelicula_49,4
Usuario_55,Pelicula_50,3
Usuario_56,Pelicula_1,2
Usuario_56,Pelicula_2,4
Usuario_56,Pelicula_3,5
Usuario_56,Pelicula_5,3
Usuario_56,Pelicula_6,4
Usuario_56,Pelicula_7,1
Usuario_56,Pelicula_8,2
Usuario_56,Pelicula_9,1
Usuario_56,Pelicula_12,4
Usuario_56,Pelicula_14,1
Usuario_56,Pelicula_15,1
Usuario_56,Pelicula_16,1
Usuario_56,Pelicula_18,2
Usuario_56,Pelicula_19,5
Usuario_56,Pelicula_21,5
Usuario_56,Pelicula_22,5
Usuario_56,Pelicula_23,1
Usuario_56,Pelicula_24,4
Usuario_56,Pelicula_25,1
Usuario_56,Pelicula_26,1
Usuario_56,Pelicula_28,2
Usuario_56,Pelicula_29,5
Usuario_56,Pelicula_30,2
Usuario_56,Pelicula_31,2
Usuario_56,Pelicula_32,5
Usuario_56,Pelicula_33,4
Usuario_56,Pelicula_34,3
Usuario_56,Pelicula_35,3
Usuario_56,Pelicula_37,3
Usuario_56,Pelicula_38,1
Usuario_56,Pelicula_40,3
Usuario_56,Pelicula_41,5
Usuario_56,Pelicula_42,4
Usuario_56,Pelicula_43,5
Usuario_56,Pelicula_45,2
Usuario_56,Pelicula_47,3
Usuario_56,Pelicula_49,3
Usuario_56,Pelicula_50,1
Usuario_57,Pelicula_1,5
Usuario_57,Pelicula_2,3
Usuario_57,Pelicula_3,4
Usuario_57,Pelicula_4,2
Usuario_57,Pelicula_5,2
Usuario_57,Pelicula_6,5
Usuario_57,Pelicula_7,2
Usuario_57,Pelicula_8,3
Usuario_57,Pelicula_10,5
Usuario_57,Pelicula_12,1
Usuario_57,Pelicula_14,5
Usuario_57,Pelicula_15,1
Usuario_57,Pelicula_16,1
Usuario_57,Pelicula_17,1
Usuario_57,Pelicula_18,5
Usuario_57,Pelicula_19,2
Usuario_57,Pelicula_21,5
Usuario_57,Pelicula_22,2
Usuario_57,Pelicula_24,1
Usuario_57,Pelicula_26,5
Usuario_57,Pelicula_27,1
Usuario_57,Pelicula_28,5
Usuario_57,Pelicula_29,3
Usuario_57,Pelicula_31,1
Usuario_57,Pelicula_32,3
Usuario_57,Pelicula_33,2
Usuario_57,Pelicula_34,5
Usuario_57,Pelicula_35,1
Usuario_57,Pelicula_37,2
Usuario_57,Pelicula_38,3
Usuario_57,Pelicula_40,2
Usuario_57,Pelicula_41,3
Usuario_57,Pelicula_44,2
Usuario_57,Pelicula_45,1
Usuario_57,Pelicula_46,1
Usuario_57,Pelicula_47,2
Usuario_57,Pelicula_48,1
Usuario_58,Pelicula_1,1
Usuario_58,Pelicula_3,4
Usuario_58,Pelicula_4,1
Usuario_58,Pelicula_5,4
Usuario_58,Pelicula_6,2
Usuario_58,Pelicula_7,3
Usuario_58,Pelicula_8,1
Usuario_58,Pelicula_10,4
Usuario_58,Pelicula_11,2
Usuario_58,Pelicula_13,3
Usuario_58,Pelicula_16,4
Usuario_58,Pelicula_17,4
Usuario_58,Pelicula_19,2
Usuario_58,Pelicula_20,4
Usuario_58,Pelicula_21,3
Usuario_58,Pelicula_22,3
Usuario_58,Pelicula_23,3
Usuario_58,Pelicula_24,2
Usuario_58,Pelicula_25,3
Usuario_58,Pelicula_26,4
Usuario_58,Pelicula_27,1
Usuario_58,Pelicula_29,5
Usuario_58,Pelicula_30,1
Usuario_58,Pelicula_32,5
Usuario_58,Pelicula_35,5
Usuario_58,Pelicula_36,1
Usuario_58,Pelicula_38,3
Usuario_58,Pelicula_41,2
Usuario_58,Pelicula_42,1
Usuario_58,Pelicula_43,4
Usuario_58,Pelicula_44,2
Usuario_58,Pelicula_45,3
Usuario_58,Pelicula_46,3
Usuario_58,Pelicula_47,1
Usuario_58,Pelicula_48,1
Usuario_58,Pelicula_50,1
Usuario_59,Pelicula_1,3
Usuario_59,Pelicula_2,1
Usuario_59,Pelicula_3,3
Usuario_59,Pelicula_5,4
Usuario_59,Pelicula_6,1
Usuario_59,Pelicula_7,1
Usuario_59,Pelicula_8,1
Usuario_59,Pelicula_9,2
Usuario_59,Pelicula_10,5
Usuario_59,Pelicula_11,2
Usuario_59,Pelicula_12,3
Usuario_59,Pelicula_13,4
Usuario_59,Pelicula_15,4
Usuario_59,Pelicula_16,2
Usuario_59,Pelicula_19,4
Usuario_59,Pelicula_20,5
Usuario_59,Pelicula_21,2
Usuario_59,Pelicula_24,5
Usuario_59,Pelicula_29,4
Usuario_59,Pelicula_31,4
Usuario_59,Pelicula_34,5
Usuario_59,Pelicula_35,4
Usuario_59,Pelicula_37,2
Usuario_59,Pelicula_38,5
Usuario_59,Pelicula_39,2
Usuario_59,Pelicula_42,5
Usuario_59,Pelicula_43,3
Usuario_59,Pelicula_44,4
Usuario_59,Pelicula_45,3
Usuario_59,Pelicula_46,3
Usuario_59,Pelicula_48,5
Usuario_59,Pelicula_49,5
Usuario_59,Pelicula_50,3
Usuario_60,Pelicula_2,3
Usuario_60,Pelicula_3,1
Usuario_60,Pelicula_4,2
Usuario_60,Pelicula_5,2
Usuario_60,Pelicula_6,4
Usuario_60,Pelicula_8,4
Usuario_60,Pelicula_9,4
Usuario_60,Pelicula_12,2
Usuario_60,Pelicula_13,5
Usuario_60,Pelicula_17,5
Usuario_60,Pelicula_18,1
Usuario_60,Pelicula_19,3
Usuario_60,Pelicula_20,3
Usuario_60,Pelicula_23,4
Usuario_60,Pelicula_24,3
Usuario_60,Pelicula_26,1
Usuario_60,Pelicula_28,2
Usuario_60,Pelicula_29,5
Usuario_60,Pelicula_31,3
Usuario_60,Pelicula_32,2
Usuario_60,Pelicula_34,1
Usuario_60,Pelicula_35,5
Usuario_60,Pelicula_38,5
Usuario_60,Pelicula_40,4
Usuario_60,Pelicula_41,5
Usuario_60,Pelicula_42,5
Usuario_60,Pelicula_44,4
Usuario_60,Pelicula_45,2
Usuario_60,Pelicula_46,5
Usuario_60,Pelicula_47,3
Usuario_60,Pelicula_49,5
Usuario_60,Pelicula_50,1
Usuario_61,Pelicula_1,5
Usuario_61,Pelicula_2,2
Usuario_61,Pelicula_4,1
Usuario_61,Pelicula_5,3
Usuario_61,Pelicula_6,3
Usuario_61,Pelicula_7,3
Usuario_61,Pelicula_10,5
Usuario_61,Pelicula_12,1
Usuario_61,Pelicula_13,3
Usuario_61,Pelicula_14,3
Usuario_61,Pelicula_15,2
Usuario_61,Pelicula_16,1
Usuario_61,Pelicula_17,3
Usuario_61,Pelicula_21,5
Usuario_61,Pelicula_22,4
Usuario_61,Pelicula_23,3
Usuario_61,Pelicula_24,3
Usuario_61,Pelicula_25,2
Usuario_61,Pelicula_28,5
Usuario_61,Pelicula_30,3
Usuario_61,Pelicula_31,3
Usuario_61,Pelicula_32,3
Usuario_61,Pelicula_33,5
Usuario_61,Pelicula_34,3
Usuario_61,Pelicula_36,3
Usuario_61,Pelicula_39,2
Usuario_61,Pelicula_42,1
Usuario_61,Pelicula_43,1
Usuario_61,Pelicula_46,2
Usuario_61,Pelicula_47,5
Usuario_61,Pelicula_48,2
Usuario_61,Pelicula_49,1
Usuario_61,Pelicula_50,4
Usuario_62,Pelicula_1,2
Usuario_62,Pelicula_2,2
Usuario_62,Pelicula_3,1
Usuario_62,Pelicula_5,1
Usuario_62,Pelicula_6,3
Usuario_62,Pelicula_7,1
Usuario_62,Pelicula_8,4
Usuario_62,Pelicula_9,4
Usuario_62,Pelicula_10,5
Usuario_62,Pelicula_11,5
Usuario_62,Pelicula_12,3
Usuario_62,Pelicula_13,5
Usuario_62,Pelicula_14,5
Usuario_62,Pelicula_15,1
Usuario_62,Pelicula_16,3
Usuario_62,Pelicula_17,2
Usuario_62,Pelicula_18,1
Usuario_62,Pelicula_20,4
Usuario_62,Pelicula_22,4
Usuario_62,Pelicula_23,5
Usuario_62,Pelicula_24,4
Usuario_62,Pelicula_27,4
Usuario_62,Pelicula_28,5
Usuario_62,Pelicula_30,2
Usuario_62,Pelicula_31,3
Usuario_62,Pelicula_32,3
Usuario_62,Pelicula_33,1
Usuario_62,Pelicula_35,1
Usuario_62,Pelicula_36,3
Usuario_62,Pelicula_37,5
Usuario_62,Pelicula_38,1
Usuario_62,Pelicula_39,2
Usuario_62,Pelicula_40,2
Usuario_62,Pelicula_41,2
Usuario_62,Pelicula_43,5
Usuario_62,Pelicula_44,3
Usuario_62,Pelicula_45,5
Usuario_62,Pelicula_47,3
Usuario_62,Pelicula_49,4
Usuario_62,Pelicula_50,2
Usuario_63,Pelicula_1,2
Usuario_63,Pelicula_2,1
Usuario_63,Pelicula_4,4
Usuario_63,Pelicula_5,5
Usuario_63,Pelicula_7,1
Usuario_63,Pelicula_16,2
Usuario_63,Pelicula_21,2
Usuario_63,Pelicula_22,2
Usuario_63,Pelicula_23,1
Usuario_63,Pelicula_24,3
Usuario_63,Pelicula_29,4
Usuario_63,Pelicula_30,5
Usuario_63,Pelicula_32,1
Usuario_63,Pelicula_33,3
Usuario_63,Pelicula_36,4
Usuario_63,Pelicula_39,4
Usuario_63,Pelicula_42,2
Usuario_63,Pelicula_45,1
Usuario_63,Pelicula_46,2
Usuario_63,Pelicula_47,2
Usuario_63,Pelicula_48,4
Usuario_63,Pelicula_49,3
Usuario_63,Pelicula_50,4
Usuario_64,Pelicula_3,5
Usuario_64,Pelicula_4,5
Usuario_64,Pelicula_5,3
Usuario_64,Pelicula_7,2
Usuario_64,Pelicula_8,2
Usuario_64,Pelicula_9,2
Usuario_64,Pelicula_10,1
Usuario_64,Pelicula_11,5
Usuario_64,Pelicula_12,3
Usuario_64,Pelicula_13,1
Usuario_64,Pelicula_17,5
Usuario_64,Pelicula_20,1
Usuario_64,Pelicula_22,1
Usuario_64,Pelicula_23,4
Usuario_64,Pelicula_29,3
Usuario_64,Pelicula_30,4
Usuario_64,Pelicula_32,2
Usuario_64,Pelicula_34,1
Usuario_64,Pelicula_36,5
Usuario_64,Pelicula_37,4
Usuario_64,Pelicula_38,5
Usuario_64,Pelicula_40,5
Usuario_64,Pelicula_41,2
Usuario_64,Pelicula_42,5
Usuario_64,Pelicula_43,3
Usuario_64,Pelicula_44,4
Usuario_64,Pelicula_45,1
Usuario_64,Pelicula_47,5
Usuario_64,Pelicula_49,3
Usuario_65,Pelicula_1,3
Usuario_65,Pelicula_2,2
Usuario_65,Pelicula_3,2
Usuario_65,Pelicula_4,3
Usuario_65,Pelicula_5,1
Usuario_65,Pelicula_6,2
Usuario_65,Pelicula_7,3
Usuario_65,Pelicula_8,2
Usuario_65,Pelicula_9,1
Usuario_65,Pelicula_10,4
Usuario_65,Pelicula_12,1
Usuario_65,Pelicula_13,3
Usuario_65,Pelicula_14,2
Usuario_65,Pelicula_15,4
Usuario_65,Pelicula_16,2
Usuario_65,Pelicula_17,2
Usuario_65,Pelicula_18,4
Usuario_65,Pelicula_20,3
Usuario_65,Pelicula_21,2
Usuario_65,Pelicula_22,3
Usuario_65,Pelicula_23,2
Usuario_65,Pelicula_24,2
Usuario_65,Pelicula_25,1
Usuario_65,Pelicula_26,3
Usuario_65,Pelicula_27,2
Usuario_65,Pelicula_28,5
Usuario_65,Pelicula_29,5
Usuario_65,Pelicula_31,3
Usuario_65,Pelicula_34,4
Usuario_65,Pelicula_35,5
Usuario_65,Pelicula_36,4
Usuario_65,Pelicula_39,5
Usuario_65,Pelicula_40,2
Usuario_65,Pelicula_42,4
Usuario_65,Pelicula_43,3
Usuario_65,Pelicula_46,3
Usuario_65,Pelicula_47,5
Usuario_65,Pelicula_48,4
Usuario_65,Pelicula_49,3
Usuario_65,Pelicula_50,1
Usuario_66,Pelicula_1,4
Usuario_66,Pelicula_2,2
Usuario_66,Pelicula_4,5
Usuario_66,Pelicula_5,3
Usuario_66,Pelicula_6,2
Usuario_66,Pelicula_8,5
Usuario_66,Pelicula_9,4
Usuario_66,Pelicula_10,2
Usuario_66,Pelicula_11,3
Usuario_66,Pelicula_12,3
Usuario_66,Pelicula_13,2
Usuario_66,Pelicula_14,3
Usuario_66,Pelicula_15,1
Usuario_66,Pelicula_19,4
Usuario_66,Pelicula_20,3
Usuario_66,Pelicula_21,3
Usuario_66,Pelicula_22,5
Usuario_66,Pelicula_24,3
Usuario_66,Pelicula_27,5
Usuario_66,Pelicula_28,2
Usuario_66,Pelicula_31,3
Usuario_66,Pelicula_32,3
Usuario_66,Pelicula_34,5
Usuario_66,Pelicula_36,4
Usuario_66,Pelicula_37,2
Usuario_66,Pelicula_38,1
Usuario_66,Pelicula_39,5
Usuario_66,Pelicula_40,2
Usuario_66,Pelicula_41,5
Usuario_66,Pelicula_42,3
Usuario_66,Pelicula_46,1
Usuario_66,Pelicula_49,3
Usuario_67,Pelicula_1,5
Usuario_67,Pelicula_2,5
Usuario_67,Pelicula_3,1
Usuario_67,Pelicula_4,4
Usuario_67,Pelicula_5,1
Usuario_67,Pelicula_6,3
Usuario_67,Pelicula_8,3
Usuario_67,Pelicula_9,1
Usuario_67,Pelicula_10,1
Usuario_67,Pelicula_11,1
Usuario_67,Pelicula_12,1
Usuario_67,Pelicula_13,4
Usuario_67,Pelicula_14,1
Usuario_67,Pelicula_16,5
Usuario_67,Pelicula_18,3
Usuario_67,Pelicula_19,3
Usuario_67,Pelicula_20,3
Usuario_67,Pelicula_21,5
Usuario_67,Pelicula_22,4
Usuario_67,Pelicula_23,2
Usuario_67,Pelicula_24,3
Usuario_67,Pelicula_25,3
Usuario_67,Pelicula_26,5
Usuario_67,Pelicula_27,4
Usuario_67,Pelicula_29,4
Usuario_67,Pelicula_30,5
Usuario_67,Pelicula_31,4
Usuario_67,Pelicula_32,1
Usuario_67,Pelicula_33,2
Usuario_67,Pelicula_34,3
Usuario_67,Pelicula_36,4
Usuario_67,Pelicula_37,2
Usuario_67,Pelicula_39,3
Usuario_67,Pelicula_40,4
Usuario_67,Pelicula_42,1
Usuario_67,Pelicula_43,1
Usuario_67,Pelicula_44,5
Usuario_67,Pelicula_45,4
Usuario_67,Pelicula_48,4
Usuario_68,Pelicula_2,2
Usuario_68,Pelicula_3,5
Usuario_68,Pelicula_7,2
Usuario_68,Pelicula_8,2
Usuario_68,Pelicula_9,5
Usuario_68,Pelicula_11,1
Usuario_68,Pelicula_12,4
Usuario_68,Pelicula_13,5
Usuario_68,Pelicula_16,4
Usuario_68,Pelicula_18,2
Usuario_68,Pelicula_21,2
Usuario_68,Pelicula_23,5
Usuario_68,Pelicula_24,2
Usuario_68,Pelicula_25,1
Usuario_68,Pelicula_26,1
Usuario_68,Pelicula_28,2
Usuario_68,Pelicula_29,2
Usuario_68,Pelicula_30,4
Usuario_68,Pelicula_31,2
Usuario_68,Pelicula_32,2
Usuario_68,Pelicula_33,4
Usuario_68,Pelicula_34,2
Usuario_68,Pelicula_35,1
Usuario_68,Pelicula_36,4
Usuario_68,Pelicula_37,2
Usuario_68,Pelicula_39,4
Usuario_68,Pelicula_40,3
Usuario_68,Pelicula_42,2
Usuario_68,Pelicula_43,2
Usuario_68,Pelicula_46,5
Usuario_68,Pelicula_47,1
Usuario_68,Pelicula_48,3
Usuario_68,Pelicula_50,2
Usuario_69,Pelicula_1,3
Usuario_69,Pelicula_2,3
Usuario_69,Pelicula_3,4
Usuario_69,Pelicula_4,2
Usuario_69,Pelicula_5,5
Usuario_69,Pelicula_6,2
Usuario_69,Pelicula_7,4
Usuario_69,Pelicula_8,5
Usuario_69,Pelicula_9,4
Usuario_69,Pelicula_10,1
Usuario_69,Pelicula_11,2
Usuario_69,Pelicula_13,1
Usuario_69,Pelicula_14,3
Usuario_69,Pelicula_17,2
Usuario_69,Pelicula_18,2
Usuario_69,Pelicula_19,3
Usuario_69,Pelicula_20,4
Usuario_69,Pelicula_21,2
Usuario_69,Pelicula_22,2
Usuario_69,Pelicula_23,5
Usuario_69,Pelicula_24,2
Usuario_69,Pelicula_25,4
Usuario_69,Pelicula_29,4
Usuario_69,Pelicula_30,3
Usuario_69,Pelicula_31,3
Usuario_69,Pelicula_32,1
Usuario_69,Pelicula_33,5
Usuario_69,Pelicula_36,5
Usuario_69,Pelicula_39,3
Usuario_69,Pelicula_40,1
Usuario_69,Pelicula_41,1
Usuario_69,Pelicula_42,3
Usuario_69,Pelicula_43,5
Usuario_69,Pelicula_44,4
Usuario_69,Pelicula_45,5
Usuario_69,Pelicula_46,4
Usuario_69,Pelicula_47,2
Usuario_69,Pelicula_49,5
Usuario_70,Pelicula_6,2
Usuario_70,Pelicula_7,4
Usuario_70,Pelicula_8,4
Usuario_70,Pelicula_10,4
Usuario_70,Pelicula_11,2
Usuario_70,Pelicula_12,1
Usuario_70,Pelicula_13,5
Usuario_70,Pelicula_15,2
Usuario_70,Pelicula_16,1
Usuario_70,Pelicula_17,3
Usuario_70,Pelicula_18,5
Usuario_70,Pelicula_20,1
Usuario_70,Pelicula_21,1
Usuario_70,Pelicula_22,2
Usuario_70,Pelicula_27,2
Usuario_70,Pelicula_28,4
Usuario_70,Pelicula_29,2
Usuario_70,Pelicula_30,2
Usuario_70,Pelicula_31,2
Usuario_70,Pelicula_33,1
Usuario_70,Pelicula_34,4
Usuario_70,Pelicula_35,5
Usuario_70,Pelicula_36,2
Usuario_70,Pelicula_37,1
Usuario_70,Pelicula_39,4
Usuario_70,Pelicula_40,1
Usuario_70,Pelicula_41,1
Usuario_70,Pelicula_45,3
Usuario_70,Pelicula_46,2
Usuario_70,Pelicula_47,1
Usuario_70,Pelicula_48,4
Usuario_70,Pelicula_49,4
Usuario_70,Pelicula_50,3
Usuario_71,Pelicula_1,5
Usuario_71,Pelicula_2,1
Usuario_71,Pelicula_4,2
Usuario_71,Pelicula_5,4
Usuario_71,Pelicula_6,4
Usuario_71,Pelicula_8,5
Usuario_71,Pelicula_10,3
Usuario_71,Pelicula_11,3
Usuario_71,Pelicula_12,5
Usuario_71,Pelicula_13,5
Usuario_71,Pelicula_14,4
Usuario_71,Pelicula_15,1
Usuario_71,Pelicula_16,4
Usuario_71,Pelicula_18,5
Usuario_71,Pelicula_19,1
Usuario_71,Pelicula_20,4
Usuario_71,Pelicula_22,4
Usuario_71,Pelicula_23,4
Usuario_71,Pelicula_26,5
Usuario_71,Pelicula_28,3
Usuario_71,Pelicula_29,3
Usuario_71,Pelicula_30,5
Usuario_71,Pelicula_31,4
Usuario_71,Pelicula_32,4
Usuario_71,Pelicula_34,1
Usuario_71,Pelicula_35,4
Usuario_71,Pelicula_36,3
Usuario_71,Pelicula_38,1
Usuario_71,Pelicula_40,4
Usuario_71,Pelicula_41,5
Usuario_71,Pelicula_42,1
Usuario_71,Pelicula_44,3
Usuario_71,Pelicula_46,2
Usuario_71,Pelicula_48,3
Usuario_71,Pelicula_49,4
Usuario_72,Pelicula_1,1
Usuario_72,Pelicula_2,1
Usuario_72,Pelicula_3,1
Usuario_72,Pelicula_7,3
Usuario_72,Pelicula_11,2
Usuario_72,Pelicula_12,5
Usuario_72,Pelicula_13,4
Usuario_72,Pelicula_14,2
Usuario_72,Pelicula_15,1
Usuario_72,Pelicula_16,3
Usuario_72,Pelicula_17,2
Usuario_72,Pelicula_20,4
Usuario_72,Pelicula_21,2
Usuario_72,Pelicula_23,4
Usuario_72,Pelicula_25,2
Usuario_72,Pelicula_26,4
Usuario_72,Pelicula_27,4
Usuario_72,Pelicula_28,2
Usuario_72,Pelicula_29,5
Usuario_72,Pelicula_30,3
Usuario_72,Pelicula_32,3
Usuario_72,Pelicula_33,1
Usuario_72,Pelicula_34,2
Usuario_72,Pelicula_36,5
Usuario_72,Pelicula_39,4
Usuario_72,Pelicula_40,3
Usuario_72,Pelicula_41,4
Usuario_72,Pelicula_42,2
Usuario_72,Pelicula_43,5
Usuario_72,Pelicula_44,5
Usuario_72,Pelicula_45,4
Usuario_72,Pelicula_46,5
Usuario_72,Pelicula_47,5
Usuario_72,Pelicula_48,5
Usuario_72,Pelicula_49,2
Usuario_73,Pelicula_2,4
Usuario_73,Pelicula_3,1
Usuario_73,Pelicula_8,4
Usuario_73,Pelicula_9,2
Usuario_73,Pelicula_10,5
Usuario_73,Pelicula_11,4
Usuario_73,Pelicula_12,4
Usuario_73,Pelicula_13,1
Usuario_73,Pelicula_14,2
Usuario_73,Pelicula_15,4
Usuario_73,Pelicula_17,3
Usuario_73,Pelicula_20,3
Usuario_73,Pelicula_21,2
Usuario_73,Pelicula_23,4
Usuario_73,Pelicula_25,2
Usuario_73,Pelicula_26,3
Usuario_73,Pelicula_30,2
Usuario_73,Pelicula_32,4
Usuario_73,Pelicula_33,1
Usuario_73,Pelicula_34,3
Usuario_73,Pelicula_37,2
Usuario_73,Pelicula_38,5
Usuario_73,Pelicula_39,4
Usuario_73,Pelicula_40,4
Usuario_73,Pelicula_41,1
Usuario_73,Pelicula_42,3
Usuario_73,Pelicula_43,3
Usuario_73,Pelicula_44,1
Usuario_73,Pelicula_46,1
Usuario_73,Pelicula_47,5
Usuario_73,Pelicula_50,5
Usuario_74,Pelicula_1,2
Usuario_74,Pelicula_2,1
Usuario_74,Pelicula_3,2
Usuario_74,Pelicula_5,3
Usuario_74,Pelicula_8,3
Usuario_74,Pelicula_9,2
Usuario_74,Pelicula_11,4
Usuario_74,Pelicula_12,2
Usuario_74,Pelicula_13,4
Usuario_74,Pelicula_15,4
Usuario_74,Pelicula_16,3
Usuario_74,Pelicula_18,3
Usuario_74,Pelicula_19,3
Usuario_74,Pelicula_21,1
Usuario_74,Pelicula_22,3
Usuario_74,Pelicula_23,2
Usuario_74,Pelicula_24,2
Usuario_74,Pelicula_26,5
Usuario_74,Pelicula_27,3
Usuario_74,Pelicula_32,5
Usuario_74,Pelicula_33,4
Usuario_74,Pelicula_34,3
Usuario_74,Pelicula_37,4
Usuario_74,Pelicula_38,1
Usuario_74,Pelicula_40,4
Usuario_74,Pelicula_41,4
Usuario_74,Pelicula_42,3
Usuario_74,Pelicula_44,2
Usuario_74,Pelicula_45,1
Usuario_74,Pelicula_50,5
Usuario_75,Pelicula_3,4
Usuario_75,Pelicula_4,1
Usuario_75,Pelicula_5,4
Usuario_75,Pelicula_6,1
Usuario_75,Pelicula_7,3
Usuario_75,Pelicula_9,4
Usuario_75,Pelicula_11,4
Usuario_75,Pelicula_12,2
Usuario_75,Pelicula_15,4
Usuario_75,Pelicula_16,5
Usuario_75,Pelicula_17,2
Usuario_75,Pelicula_18,2
Usuario_75,Pelicula_19,1
Usuario_75,Pelicula_20,5
Usuario_75,Pelicula_21,2
Usuario_75,Pelicula_23,4
Usuario_75,Pelicula_24,5
Usuario_75,Pelicula_25,1
Usuario_75,Pelicula_26,4
Usuario_75,Pelicula_27,1
Usuario_75,Pelicula_28,4
Usuario_75,Pelicula_29,5
Usuario_75,Pelicula_32,2
Usuario_75,Pelicula_33,1
Usuario_75,Pelicula_34,1
Usuario_75,Pelicula_35,5
Usuario_75,Pelicula_36,3
Usuario_75,Pelicula_39,3
Usuario_75,Pelicula_40,3
Usuario_75,Pelicula_41,2
Usuario_75,Pelicula_44,5
Usuario_75,Pelicula_45,3
Usuario_75,Pelicula_46,1
Usuario_75,Pelicula_47,1
Usuario_75,Pelicula_49,1
Usuario_75,Pelicula_50,5
Usuario_76,Pelicula_1,4
Usuario_76,Pelicula_2,1
Usuario_76,Pelicula_3,2
Usuario_76,Pelicula_4,4
Usuario_76,Pelicula_5,1
Usuario_76,Pelicula_6,2
Usuario_76,Pelicula_7,4
Usuario_76,Pelicula_10,2
Usuario_76,Pelicula_11,2
Usuario_76,Pelicula_12,5
Usuario_76,Pelicula_14,1
Usuario_76,Pelicula_15,4
Usuario_76,Pelicula_16,5
Usuario_76,Pelicula_18,3
Usuario_76,Pelicula_20,5
Usuario_76,Pelicula_21,3
Usuario_76,Pelicula_23,1
Usuario_76,Pelicula_24,1
Usuario_76,Pelicula_25,5
Usuario_76,Pelicula_28,3
Usuario_76,Pelicula_29,1
Usuario_76,Pelicula_30,4
Usuario_76,Pelicula_31,3
Usuario_76,Pelicula_33,3
Usuario_76,Pelicula_35,2
Usuario_76,Pelicula_36,4
Usuario_76,Pelicula_37,4
Usuario_76,Pelicula_38,3
Usuario_76,Pelicula_39,5
Usuario_76,Pelicula_40,1
Usuario_76,Pelicula_41,3
Usuario_76,Pelicula_42,3
Usuario_76,Pelicula_43,3
Usuario_76,Pelicula_44,3
Usuario_76,Pelicula_45,2
Usuario_76,Pelicula_49,3
Usuario_76,Pelicula_50,5
Usuario_77,Pelicula_1,1
Usuario_77,Pelicula_3,2
Usuario_77,Pelicula_4,2
Usuario_77,Pelicula_6,1
Usuario_77,Pelicula_9,5
Usuario_77,Pelicula_12,3
Usuario_77,Pelicula_13,5
Usuario_77,Pelicula_15,2
Usuario_77,Pelicula_16,4
Usuario_77,Pelicula_19,1
Usuario_77,Pelicula_20,5
Usuario_77,Pelicula_22,4
Usuario_77,Pelicula_24,1
Usuario_77,Pelicula_25,5
Usuario_77,Pelicula_26,5
Usuario_77,Pelicula_27,4
Usuario_77,Pelicula_29,3
Usuario_77,Pelicula_32,2
Usuario_77,Pelicula_33,2
Usuario_77,Pelicula_34,2
Usuario_77,Pelicula_36,5
Usuario_77,Pelicula_37,1
Usuario_77,Pelicula_38,2
Usuario_77,Pelicula_40,1
Usuario_77,Pelicula_41,3
Usuario_77,Pelicula_42,2
Usuario_77,Pelicula_45,5
Usuario_77,Pelicula_48,3
Usuario_77,Pelicula_49,1
Usuario_77,Pelicula_50,3
Usuario_78,Pelicula_1,1
Usuario_78,Pelicula_2,2
Usuario_78,Pelicula_3,2
Usuario_78,Pelicula_5,4
Usuario_78,Pelicula_6,2
Usuario_78,Pelicula_7,4
Usuario_78,Pelicula_9,2
Usuario_78,Pelicula_11,1
Usuario_78,Pelicula_12,2
Usuario_78,Pelicula_13,4
Usuario_78,Pelicula_14,5
Usuario_78,Pelicula_15,2
Usuario_78,Pelicula_17,2
Usuario_78,Pelicula_18,5
Usuario_78,Pelicula_19,5
Usuario_78,Pelicula_20,1
Usuario_78,Pelicula_21,3
Usuario_78,Pelicula_22,5
Usuario_78,Pelicula_25,4
Usuario_78,Pelicula_26,5
Usuario_78,Pelicula_27,5
Usuario_78,Pelicula_28,2
Usuario_78,Pelicula_31,1
Usuario_78,Pelicula_32,4
Usuario_78,Pelicula_34,5
Usuario_78,Pelicula_35,3
Usuario_78,Pelicula_36,4
Usuario_78,Pelicula_37,5
Usuario_78,Pelicula_38,5
Usuario_78,Pelicula_40,5
Usuario_78,Pelicula_41,3
Usuario_78,Pelicula_42,5
Usuario_78,Pelicula_43,5
Usuario_78,Pelicula_44,2
Usuario_78,Pelicula_47,5
Usuario_78,Pelicula_48,2
Usuario_78,Pelicula_50,3
Usuario_79,Pelicula_1,3
Usuario_79,Pelicula_2,3
Usuario_79,Pelicula_3,1
Usuario_79,Pelicula_4,2
Usuario_79,Pelicula_5,1
Usuario_79,Pelicula_6,2
Usuario_79,Pelicula_7,2
Usuario_79,Pelicula_8,5
Usuario_79,Pelicula_9,3
Usuario_79,Pelicula_11,5
Usuario_79,Pelicula_12,1
Usuario_79,Pelicula_14,1
Usuario_79,Pelicula_15,4
Usuario_79,Pelicula_16,2
Usuario_79,Pelicula_18,5
Usuario_79,Pelicula_19,4
Usuario_79,Pelicula_20,3
Usuario_79,Pelicula_21,5
Usuario_79,Pelicula_24,3
Usuario_79,Pelicula_26,1
Usuario_79,Pelicula_28,2
Usuario_79,Pelicula_30,1
Usuario_79,Pelicula_31,4
Usuario_79,Pelicula_32,4
Usuario_79,Pelicula_33,3
Usuario_79,Pelicula_34,2
Usuario_79,Pelicula_35,4
Usuario_79,Pelicula_37,4
Usuario_79,Pelicula_39,3
Usuario_79,Pelicula_40,4
Usuario_79,Pelicula_41,5
Usuario_79,Pelicula_42,2
Usuario_79,Pelicula_44,5
Usuario_79,Pelicula_45,1
Usuario_79,Pelicula_46,1
Usuario_79,Pelicula_47,2
Usuario_79,Pelicula_48,2
Usuario_79,Pelicula_49,5
Usuario_79,Pelicula_50,2
Usuario_80,Pelicula_2,1
Usuario_80,Pelicula_4,2
Usuario_80,Pelicula_5,1
Usuario_80,Pelicula_6,4
Usuario_80,Pelicula_9,5
Usuario_80,Pelicula_11,4
Usuario_80,Pelicula_12,4
Usuario_80,Pelicula_13,5
Usuario_80,Pelicula_16,1
Usuario_80,Pelicula_17,3
Usuario_80,Pelicula_19,1
Usuario_80,Pelicula_24,3
Usuario_80,Pelicula_25,2
Usuario_80,Pelicula_26,1
Usuario_80,Pelicula_28,2
Usuario_80,Pelicula_29,1
Usuario_80,Pelicula_31,4
Usuario_80,Pelicula_32,4
Usuario_80,Pelicula_34,3
Usuario_80,Pelicula_37,1
Usuario_80,Pelicula_38,1
Usuario_80,Pelicula_39,2
Usuario_80,Pelicula_40,5
Usuario_80,Pelicula_41,5
Usuario_80,Pelicula_45,1
Usuario_80,Pelicula_47,1
Usuario_80,Pelicula_49,4
Usuario_80,Pelicula_50,5
Usuario_81,Pelicula_1,1
Usuario_81,Pelicula_2,2
Usuario_81,Pelicula_3,5
Usuario_81,Pelicula_6,4
Usuario_81,Pelicula_7,1
Usuario_81,Pelicula_8,1
Usuario_81,Pelicula_9,3
Usuario_81,Pelicula_11,1
Usuario_81,Pelicula_13,1
Usuario_81,Pelicula_15,3
Usuario_81,Pelicula_17,4
Usuario_81,Pelicula_20,2
Usuario_81,Pelicula_21,3
Usuario_81,Pelicula_22,4
Usuario_81,Pelicula_23,1
Usuario_81,Pelicula_24,3
Usuario_81,Pelicula_26,5
Usuario_81,Pelicula_29,4
Usuario_81,Pelicula_34,2
Usuario_81,Pelicula_35,1
Usuario_81,Pelicula_38,4
Usuario_81,Pelicula_40,2
Usuario_81,Pelicula_41,2
Usuario_81,Pelicula_42,3
Usuario_81,Pelicula_43,5
Usuario_81,Pelicula_44,4
Usuario_81,Pelicula_45,4
Usuario_81,Pelicula_48,5
Usuario_81,Pelicula_50,1
Usuario_82,Pelicula_2,2
Usuario_82,Pelicula_3,5
Usuario_82,Pelicula_4,3
Usuario_82,Pelicula_5,4
Usuario_82,Pelicula_6,2
Usuario_82,Pelicula_7,3
Usuario_82,Pelicula_9,4
Usuario_82,Pelicula_10,5
Usuario_82,Pelicula_12,5
Usuario_82,Pelicula_13,2
Usuario_82,Pelicula_14,3
Usuario_82,Pelicula_15,2
Usuario_82,Pelicula_16,4
Usuario_82,Pelicula_17,3
Usuario_82,Pelicula_18,2
Usuario_82,Pelicula_19,1
Usuario_82,Pelicula_20,1
Usuario_82,Pelicula_22,1
Usuario_82,Pelicula_25,5
Usuario_82,Pelicula_27,1
Usuario_82,Pelicula_28,4
Usuario_82,Pelicula_29,2
Usuario_82,Pelicula_30,3
Usuario_82,Pelicula_31,4
Usuario_82,Pelicula_33,1
Usuario_82,Pelicula_34,2
Usuario_82,Pelicula_36,2
Usuario_82,Pelicula_37,5
Usuario_82,Pelicula_39,1
Usuario_82,Pelicula_42,4
Usuario_82,Pelicula_44,3
Usuario_82,Pelicula_46,3
Usuario_82,Pelicula_49,5
Usuario_83,Pelicula_1,2
Usuario_83,Pelicula_2,4
Usuario_83,Pelicula_5,5
Usuario_83,Pelicula_6,4
Usuario_83,Pelicula_7,3
Usuario_83,Pelicula_8,3
Usuario_83,Pelicula_10,4
Usuario_83,Pelicula_11,2
Usuario_83,Pelicula_12,5
Usuario_83,Pelicula_14,5
Usuario_83,Pelicula_15,1
Usuario_83,Pelicula_16,5
Usuario_83,Pelicula_19,3
Usuario_83,Pelicula_20,1
Usuario_83,Pelicula_22,2
Usuario_83,Pelicula_23,2
Usuario_83,Pelicula_24,3
Usuario_83,Pelicula_28,1
Usuario_83,Pelicula_29,2
Usuario_83,Pelicula_31,3
Usuario_83,Pelicula_33,5
Usuario_83,Pelicula_34,5
Usuario_83,Pelicula_35,2
Usuario_83,Pelicula_36,4
Usuario_83,Pelicula_39,5
Usuario_83,Pelicula_40,5
Usuario_83,Pelicula_41,2
Usuario_83,Pelicula_44,2
Usuario_83,Pelicula_46,4
Usuario_83,Pelicula_48,1
Usuario_83,Pelicula_50,3
Usuario_84,Pelicula_1,2
Usuario_84,Pelicula_3,1
Usuario_84,Pelicula_5,4
Usuario_84,Pelicula_6,3
Usuario_84,Pelicula_7,4
Usuario_84,Pelicula_8,3
Usuario_84,Pelicula_9,1
Usuario_84,Pelicula_10,3
Usuario_84,Pelicula_11,1
Usuario_84,Pelicula_12,1
Usuario_84,Pelicula_13,5
Usuario_84,Pelicula_14,2
Usuario_84,Pelicula_16,2
Usuario_84,Pelicula_17,1
Usuario_84,Pelicula_18,2
Usuario_84,Pelicula_19,5
Usuario_84,Pelicula_20,3
Usuario_84,Pelicula_21,1
Usuario_84,Pelicula_22,3
Usuario_84,Pelicula_23,2
Usuario_84,Pelicula_24,3
Usuario_84,Pelicula_25,2
Usuario_84,Pelicula_26,1
Usuario_84,Pelicula_28,3
Usuario_84,Pelicula_29,5
Usuario_84,Pelicula_30,1
Usuario_84,Pelicula_32,2
Usuario_84,Pelicula_33,3
Usuario_84,Pelicula_34,2
Usuario_84,Pelicula_35,3
Usuario_84,Pelicula_36,3
Usuario_84,Pelicula_37,3
Usuario_84,Pelicula_39,4
Usuario_84,Pelicula_40,4
Usuario_84,Pelicula_41,3
Usuario_84,Pelicula_42,5
Usuario_84,Pelicula_43,4
Usuario_84,Pelicula_45,5
Usuario_84,Pelicula_46,5
Usuario_84,Pelicula_47,2
Usuario_84,Pelicula_48,1
Usuario_84,Pelicula_50,1
Usuario_85,Pelicula_1,3
Usuario_85,Pelicula_5,3
Usuario_85,Pelicula_6,4
Usuario_85,Pelicula_8,1
Usuario_85,Pelicula_9,4
Usuario_85,Pelicula_10,3
Usuario_85,Pelicula_11,4
Usuario_85,Pelicula_12,5
Usuario_85,Pelicula_15,5
Usuario_85,Pelicula_16,1
Usuario_85,Pelicula_18,5
Usuario_85,Pelicula_20,4
Usuario_85,Pelicula_21,4
Usuario_85,Pelicula_23,3
Usuario_85,Pelicula_24,4
Usuario_85,Pelicula_25,1
Usuario_85,Pelicula_26,3
Usuario_85,Pelicula_27,2
Usuario_85,Pelicula_28,1
Usuario_85,Pelicula_29,4
Usuario_85,Pelicula_30,4
Usuario_85,Pelicula_31,4
Usuario_85,Pelicula_32,5
Usuario_85,Pelicula_35,5
Usuario_85,Pelicula_36,4
Usuario_85,Pelicula_37,1
Usuario_85,Pelicula_38,1
Usuario_85,Pelicula_42,2
Usuario_85,Pelicula_43,1
Usuario_85,Pelicula_44,4
Usuario_85,Pelicula_45,3
Usuario_85,Pelicula_47,5
Usuario_85,Pelicula_48,1
Usuario_85,Pelicula_50,1
Usuario_86,Pelicula_1,3
Usuario_86,Pelicula_2,1
Usuario_86,Pelicula_3,1
Usuario_86,Pelicula_4,2
Usuario_86,Pelicula_5,5
Usuario_86,Pelicula_6,4
Usuario_86,Pelicula_7,5
Usuario_86,Pelicula_8,4
Usuario_86,Pelicula_9,2
Usuario_86,Pelicula_10,1
Usuario_86,Pelicula_12,2
Usuario_86,Pelicula_13,4
Usuario_86,Pelicula_14,3
Usuario_86,Pelicula_15,4
Usuario_86,Pelicula_16,3
Usuario_86,Pelicula_17,4
Usuario_86,Pelicula_19,2
Usuario_86,Pelicula_20,2
Usuario_86,Pelicula_22,2
Usuario_86,Pelicula_25,5
Usuario_86,Pelicula_27,1
Usuario_86,Pelicula_28,5
Usuario_86,Pelicula_29,2
Usuario_86,Pelicula_30,2
Usuario_86,Pelicula_33,1
Usuario_86,Pelicula_34,4
Usuario_86,Pelicula_35,5
Usuario_86,Pelicula_36,4
Usuario_86,Pelicula_40,3
Usuario_86,Pelicula_41,2
Usuario_86,Pelicula_42,4
Usuario_86,Pelicula_43,3
Usuario_86,Pelicula_44,4
Usuario_86,Pelicula_45,4
Usuario_86,Pelicula_46,2
Usuario_86,Pelicula_47,2
Usuario_86,Pelicula_48,3
Usuario_86,Pelicula_50,1
Usuario_87,Pelicula_1,5
Usuario_87,Pelicula_2,1
Usuario_87,Pelicula_3,1
Usuario_87,Pelicula_4,2
Usuario_87,Pelicula_6,3
Usuario_87,Pelicula_7,3
Usuario_87,Pelicula_8,3
Usuario_87,Pelicula_10,1
Usuario_87,Pelicula_11,2
Usuario_87,Pelicula_12,1
Usuario_87,Pelicula_13,3
Usuario_87,Pelicula_14,4
Usuario_87,Pelicula_15,5
Usuario_87,Pelicula_16,5
Usuario_87,Pelicula_17,4
Usuario_87,Pelicula_18,3
Usuario_87,Pelicula_19,3
Usuario_87,Pelicula_20,4
Usuario_87,Pelicula_22,5
Usuario_87,Pelicula_23,1
Usuario_87,Pelicula_25,4
Usuario_87,Pelicula_26,4
Usuario_87,Pelicula_27,1
Usuario_87,Pelicula_28,1
Usuario_87,Pelicula_30,3
Usuario_87,Pelicula_32,4
Usuario_87,Pelicula_33,4
Usuario_87,Pelicula_35,4
Usuario_87,Pelicula_37,5
Usuario_87,Pelicula_39,5
Usuario_87,Pelicula_41,2
Usuario_87,Pelicula_42,1
Usuario_87,Pelicula_43,3
Usuario_87,Pelicula_44,5
Usuario_87,Pelicula_45,5
Usuario_87,Pelicula_50,3
Usuario_88,Pelicula_1,1
Usuario_88,Pelicula_4,2
Usuario_88,Pelicula_6,4
Usuario_88,Pelicula_7,2
Usuario_88,Pelicula_9,3
Usuario_88,Pelicula_10,2
Usuario_88,Pelicula_12,4
Usuario_88,Pelicula_13,4
Usuario_88,Pelicula_15,2
Usuario_88,Pelicula_16,4
Usuario_88,Pelicula_18,3
Usuario_88,Pelicula_19,5
Usuario_88,Pelicula_21,5
Usuario_88,Pelicula_22,5
Usuario_88,Pelicula_23,1
Usuario_88,Pelicula_26,5
Usuario_88,Pelicula_27,1
Usuario_88,Pelicula_30,1
Usuario_88,Pelicula_31,4
Usuario_88,Pelicula_32,4
Usuario_88,Pelicula_33,1
Usuario_88,Pelicula_34,5
Usuario_88,Pelicula_35,1
Usuario_88,Pelicula_37,2
Usuario_88,Pelicula_38,3
Usuario_88,Pelicula_40,1
Usuario_88,Pelicula_45,5
Usuario_88,Pelicula_46,2
Usuario_88,Pelicula_47,1
Usuario_88,Pelicula_48,2
Usuario_88,Pelicula_49,5
Usuario_88,Pelicula_50,4
Usuario_89,Pelicula_2,1
Usuario_89,Pelicula_3,2
Usuario_89,Pelicula_4,3
Usuario_89,Pelicula_5,1
Usuario_89,Pelicula_6,2
Usuario_89,Pelicula_7,4
Usuario_89,Pelicula_10,4
Usuario_89,Pelicula_11,1
Usuario_89,Pelicula_13,3
Usuario_89,Pelicula_14,1
Usuario_89,Pelicula_15,3
Usuario_89,Pelicula_16,5
Usuario_89,Pelicula_17,3
Usuario_89,Pelicula_18,3
Usuario_89,Pelicula_19,2
Usuario_89,Pelicula_20,1
Usuario_89,Pelicula_21,3
Usuario_89,Pelicula_22,4
Usuario_89,Pelicula_23,1
Usuario_89,Pelicula_24,2
Usuario_89,Pelicula_25,3
Usuario_89,Pelicula_28,5
Usuario_89,Pelicula_29,4
Usuario_89,Pelicula_31,3
Usuario_89,Pelicula_32,1
Usuario_89,Pelicula_33,5
Usuario_89,Pelicula_37,4
Usuario_89,Pelicula_38,5
Usuario_89,Pelicula_39,3
Usuario_89,Pelicula_40,2
Usuario_89,Pelicula_41,5
Usuario_89,Pelicula_42,1
Usuario_89,Pelicula_43,5
Usuario_89,Pelicula_45,3
Usuario_89,Pelicula_46,5
Usuario_89,Pelicula_47,5
Usuario_89,Pelicula_48,3
Usuario_89,Pelicula_49,1
Usuario_89,Pelicula_50,3
Usuario_90,Pelicula_1,5
Usuario_90,Pelicula_3,3
Usuario_90,Pelicula_5,1
Usuario_90,Pelicula_6,1
Usuario_90,Pelicula_7,1
Usuario_90,Pelicula_8,2
Usuario_90,Pelicula_12,5
Usuario_90,Pelicula_13,5
Usuario_90,Pelicula_14,1
Usuario_90,Pelicula_15,1
Usuario_90,Pelicula_16,2
Usuario_90,Pelicula_18,5
Usuario_90,Pelicula_19,2
Usuario_90,Pelicula_21,5
Usuario_90,Pelicula_23,1
Usuario_90,Pelicula_24,2
Usuario_90,Pelicula_26,3
Usuario_90,Pelicula_29,4
Usuario_90,Pelicula_31,1
Usuario_90,Pelicula_32,4
Usuario_90,Pelicula_33,2
Usuario_90,Pelicula_34,1
Usuario_90,Pelicula_36,3
Usuario_90,Pelicula_37,5
Usuario_90,Pelicula_38,3
Usuario_90,Pelicula_39,2
Usuario_90,Pelicula_40,4
Usuario_90,Pelicula_41,3
Usuario_90,Pelicula_42,5
Usuario_90,Pelicula_43,1
Usuario_90,Pelicula_44,1
Usuario_90,Pelicula_45,1
Usuario_90,Pelicula_46,4
Usuario_90,Pelicula_47,3
Usuario_90,Pelicula_48,4
Usuario_90,Pelicula_49,5
Usuario_90,Pelicula_50,1
Usuario_91,Pelicula_1,2
Usuario_91,Pelicula_2,4
Usuario_91,Pelicula_3,3
Usuario_91,Pelicula_5,5
Usuario_91,Pelicula_7,1
Usuario_91,Pelicula_8,1
Usuario_91,Pelicula_9,4
Usuario_91,Pelicula_10,1
Usuario_91,Pelicula_11,4
Usuario_91,Pelicula_12,4
Usuario_91,Pelicula_13,4
Usuario_91,Pelicula_16,4
Usuario_91,Pelicula_17,5
Usuario_91,Pelicula_19,5
Usuario_91,Pelicula_20,2
Usuario_91,Pelicula_25,5
Usuario_91,Pelicula_28,1
Usuario_91,Pelicula_29,2
Usuario_91,Pelicula_30,4
Usuario_91,Pelicula_31,2
Usuario_91,Pelicula_32,1
Usuario_91,Pelicula_33,5
Usuario_91,Pelicula_34,3
Usuario_91,Pelicula_35,4
Usuario_91,Pelicula_37,3
Usuario_91,Pelicula_38,5
Usuario_91,Pelicula_39,2
Usuario_91,Pelicula_42,1
Usuario_91,Pelicula_45,1
Usuario_91,Pelicula_46,1
Usuario_91,Pelicula_48,2
Usuario_91,Pelicula_49,1
Usuario_91,Pelicula_50,5
Usuario_92,Pelicula_1,3
Usuario_92,Pelicula_2,3
Usuario_92,Pelicula_3,5
Usuario_92,Pelicula_4,1
Usuario_92,Pelicula_5,4
Usuario_92,Pelicula_8,4
Usuario_92,Pelicula_9,5
Usuario_92,Pelicula_10,3
Usuario_92,Pelicula_11,4
Usuario_92,Pelicula_15,5
Usuario_92,Pelicula_16,2
Usuario_92,Pelicula_17,2
Usuario_92,Pelicula_18,1
Usuario_92,Pelicula_19,5
Usuario_92,Pelicula_21,4
Usuario_92,Pelicula_22,3
Usuario_92,Pelicula_25,4
Usuario_92,Pelicula_26,1
Usuario_92,Pelicula_27,3
Usuario_92,Pelicula_28,4
Usuario_92,Pelicula_31,1
Usuario_92,Pelicula_32,4
Usuario_92,Pelicula_33,3
Usuario_92,Pelicula_34,5
Usuario_92,Pelicula_35,2
Usuario_92,Pelicula_36,2
Usuario_92,Pelicula_38,2
Usuario_92,Pelicula_41,1
Usuario_92,Pelicula_43,1
Usuario_92,Pelicula_44,4
Usuario_92,Pelicula_46,2
Usuario_92,Pelicula_47,3
Usuario_92,Pelicula_48,3
Usuario_92,Pelicula_49,4
Usuario_92,Pelicula_50,4
Usuario_93,Pelicula_1,1
Usuario_93,Pelicula_2,3
Usuario_93,Pelicula_3,3
Usuario_93,Pelicula_4,5
Usuario_93,Pelicula_5,3
Usuario_93,Pelicula_6,5
Usuario_93,Pelicula_7,1
Usuario_93,Pelicula_8,5
Usuario_93,Pelicula_10,2
Usuario_93,Pelicula_11,4
Usuario_93,Pelicula_12,4
Usuario_93,Pelicula_13,1
Usuario_93,Pelicula_14,3
Usuario_93,Pelicula_17,5
Usuario_93,Pelicula_20,1
Usuario_93,Pelicula_21,2
Usuario_93,Pelicula_22,1
Usuario_93,Pelicula_26,1
Usuario_93,Pelicula_27,1
Usuario_93,Pelicula_29,4
Usuario_93,Pelicula_30,4
Usuario_93,Pelicula_32,5
Usuario_93,Pelicula_33,2
Usuario_93,Pelicula_34,3
Usuario_93,Pelicula_35,4
Usuario_93,Pelicula_36,5
Usuario_93,Pelicula_37,1
Usuario_93,Pelicula_38,5
Usuario_93,Pelicula_39,4
Usuario_93,Pelicula_40,4
Usuario_93,Pelicula_41,2
Usuario_93,Pelicula_42,5
Usuario_93,Pelicula_43,4
Usuario_93,Pelicula_44,4
Usuario_93,Pelicula_45,5
Usuario_93,Pelicula_47,5
Usuario_93,Pelicula_49,2
Usuario_94,Pelicula_1,1
Usuario_94,Pelicula_2,2
Usuario_94,Pelicula_3,4
Usuario_94,Pelicula_5,4
Usuario_94,Pelicula_7,5
Usuario_94,Pelicula_9,2
Usuario_94,Pelicula_10,4
Usuario_94,Pelicula_11,2
Usuario_94,Pelicula_12,3
Usuario_94,Pelicula_13,3
Usuario_94,Pelicula_14,5
Usuario_94,Pelicula_15,3
Usuario_94,Pelicula_16,3
Usuario_94,Pelicula_18,5
Usuario_94,Pelicula_24,2
Usuario_94,Pelicula_25,1
Usuario_94,Pelicula_26,5
Usuario_94,Pelicula_27,5
Usuario_94,Pelicula_28,4
Usuario_94,Pelicula_29,2
Usuario_94,Pelicula_30,3
Usuario_94,Pelicula_31,2
Usuario_94,Pelicula_33,5
Usuario_94,Pelicula_34,3
Usuario_94,Pelicula_35,4
Usuario_94,Pelicula_36,1
Usuario_94,Pelicula_37,4
Usuario_94,Pelicula_38,4
Usuario_94,Pelicula_40,5
Usuario_94,Pelicula_41,3
Usuario_94,Pelicula_42,2
Usuario_94,Pelicula_43,5
Usuario_94,Pelicula_44,5
Usuario_94,Pelicula_45,5
Usuario_94,Pelicula_46,2
Usuario_94,Pelicula_49,4
Usuario_95,Pelicula_3,4
Usuario_95,Pelicula_4,1
Usuario_95,Pelicula_8,5
Usuario_95,Pelicula_9,3
Usuario_95,Pelicula_10,5
Usuario_95,Pelicula_12,4
Usuario_95,Pelicula_13,2
Usuario_95,Pelicula_14,1
Usuario_95,Pelicula_15,4
Usuario_95,Pelicula_16,1
Usuario_95,Pelicula_17,2
Usuario_95,Pelicula_18,3
Usuario_95,Pelicula_20,5
Usuario_95,Pelicula_21,5
Usuario_95,Pelicula_22,1
Usuario_95,Pelicula_23,1
Usuario_95,Pelicula_25,3
Usuario_95,Pelicula_26,4
Usuario_95,Pelicula_29,4
Usuario_95,Pelicula_30,2
Usuario_95,Pelicula_31,2
Usuario_95,Pelicula_32,2
Usuario_95,Pelicula_33,5
Usuario_95,Pelicula_34,4
Usuario_95,Pelicula_35,3
Usuario_95,Pelicula_37,3
Usuario_95,Pelicula_38,5
Usuario_95,Pelicula_39,3
Usuario_95,Pelicula_40,1
Usuario_95,Pelicula_41,3
Usuario_95,Pelicula_42,3
Usuario_95,Pelicula_44,5
Usuario_95,Pelicula_45,4
Usuario_95,Pelicula_47,3
Usuario_95,Pelicula_48,1
Usuario_95,Pelicula_49,3
Usuario_96,Pelicula_1,4
Usuario_96,Pelicula_2,5
Usuario_96,Pelicula_3,4
Usuario_96,Pelicula_4,5
Usuario_96,Pelicula_6,1
Usuario_96,Pelicula_7,5
Usuario_96,Pelicula_8,5
Usuario_96,Pelicula_13,1
Usuario_96,Pelicula_15,2
Usuario_96,Pelicula_16,1
Usuario_96,Pelicula_17,2
Usuario_96,Pelicula_18,3
Usuario_96,Pelicula_20,2
Usuario_96,Pelicula_21,3
Usuario_96,Pelicula_22,1
Usuario_96,Pelicula_23,2
Usuario_96,Pelicula_24,5
Usuario_96,Pelicula_25,5
Usuario_96,Pelicula_26,2
Usuario_96,Pelicula_27,5
Usuario_96,Pelicula_29,2
Usuario_96,Pelicula_30,5
Usuario_96,Pelicula_31,5
Usuario_96,Pelicula_32,2
Usuario_96,Pelicula_33,3
Usuario_96,Pelicula_34,2
Usuario_96,Pelicula_36,1
Usuario_96,Pelicula_37,5
Usuario_96,Pelicula_38,2
Usuario_96,Pelicula_39,4
Usuario_96,Pelicula_40,2
Usuario_96,Pelicula_41,2
Usuario_96,Pelicula_42,1
Usuario_96,Pelicula_44,3
Usuario_96,Pelicula_45,2
Usuario_96,Pelicula_46,1
Usuario_96,Pelicula_47,2
Usuario_96,Pelicula_49,2
Usuario_96,Pelicula_50,4
Usuario_97,Pelicula_3,5
Usuario_97,Pelicula_4,1
Usuario_97,Pelicula_5,5
Usuario_97,Pelicula_6,2
Usuario_97,Pelicula_7,5
Usuario_97,Pelicula_8,1
Usuario_97,Pelicula_9,5
Usuario_97,Pelicula_10,4
Usuario_97,Pelicula_11,1
Usuario_97,Pelicula_13,1
Usuario_97,Pelicula_14,4
Usuario_97,Pelicula_16,1
Usuario_97,Pelicula_17,4
Usuario_97,Pelicula_18,3
Usuario_97,Pelicula_19,1
Usuario_97,Pelicula_20,5
Usuario_97,Pelicula_21,3
Usuario_97,Pelicula_23,2
Usuario_97,Pelicula_24,2
Usuario_97,Pelicula_25,5
Usuario_97,Pelicula_27,2
Usuario_97,Pelicula_31,1
Usuario_97,Pelicula_32,5
Usuario_97,Pelicula_33,4
Usuario_97,Pelicula_34,1
Usuario_97,Pelicula_35,2
Usuario_97,Pelicula_36,5
Usuario_97,Pelicula_39,1
Usuario_97,Pelicula_40,1
Usuario_97,Pelicula_41,4
Usuario_97,Pelicula_42,5
Usuario_97,Pelicula_43,4
Usuario_97,Pelicula_44,1
Usuario_97,Pelicula_45,4
Usuario_97,Pelicula_46,5
Usuario_97,Pelicula_47,5
Usuario_98,Pelicula_1,2
Usuario_98,Pelicula_3,1
Usuario_98,Pelicula_5,3
Usuario_98,Pelicula_6,2
Usuario_98,Pelicula_7,3
Usuario_98,Pelicula_8,5
Usuario_98,Pelicula_9,4
Usuario_98,Pelicula_10,3
Usuario_98,Pelicula_11,4
Usuario_98,Pelicula_13,2
Usuario_98,Pelicula_14,2
Usuario_98,Pelicula_15,5
Usuario_98,Pelicula_16,3
Usuario_98,Pelicula_17,1
Usuario_98,Pelicula_18,5
Usuario_98,Pelicula_19,1
Usuario_98,Pelicula_20,1
Usuario_98,Pelicula_21,3
Usuario_98,Pelicula_22,3
Usuario_98,Pelicula_24,4
Usuario_98,Pelicula_26,1
Usuario_98,Pelicula_27,5
Usuario_98,Pelicula_28,3
Usuario_98,Pelicula_29,3
Usuario_98,Pelicula_31,1
Usuario_98,Pelicula_32,3
Usuario_98,Pelicula_33,2
Usuario_98,Pelicula_38,2
Usuario_98,Pelicula_40,1
Usuario_98,Pelicula_42,2
Usuario_98,Pelicula_43,3
Usuario_98,Pelicula_44,5
Usuario_98,Pelicula_45,5
Usuario_98,Pelicula_46,1
Usuario_98,Pelicula_47,4
Usuario_98,Pelicula_48,5
Usuario_98,Pelicula_49,2
Usuario_99,Pelicula_1,5
Usuario_99,Pelicula_2,4
Usuario_99,Pelicula_3,2
Usuario_99,Pelicula_5,5
Usuario_99,Pelicula_7,5
Usuario_99,Pelicula_10,2
Usuario_99,Pelicula_11,2
Usuario_99,Pelicula_13,2
Usuario_99,Pelicula_14,3
Usuario_99,Pelicula_16,5
Usuario_99,Pelicula_17,3
Usuario_99,Pelicula_19,3
Usuario_99,Pelicula_22,1
Usuario_99,Pelicula_23,2
Usuario_99,Pelicula_24,2
Usuario_99,Pelicula_25,2
Usuario_99,Pelicula_27,2
Usuario_99,Pelicula_28,1
Usuario_99,Pelicula_30,1
Usuario_99,Pelicula_31,4
Usuario_99,Pelicula_32,1
Usuario_99,Pelicula_33,2
Usuario_99,Pelicula_34,5
Usuario_99,Pelicula_35,2
Usuario_99,Pelicula_36,1
Usuario_99,Pelicula_37,4
Usuario_99,Pelicula_39,3
Usuario_99,Pelicula_40,3
Usuario_99,Pelicula_42,5
Usuario_99,Pelicula_44,3
Usuario_99,Pelicula_45,5
Usuario_99,Pelicula_47,3
Usuario_99,Pelicula_48,1
Usuario_99,Pelicula_49,3
Usuario_100,Pelicula_1,2
Usuario_100,Pelicula_2,5
Usuario_100,Pelicula_3,5
Usuario_100,Pelicula_4,1
Usuario_100,Pelicula_5,4
Usuario_100,Pelicula_6,4
Usuario_100,Pelicula_7,3
Usuario_100,Pelicula_8,3
Usuario_100,Pelicula_9,4
Usuario_100,Pelicula_10,5
Usuario_100,Pelicula_11,5
Usuario_100,Pelicula_12,5
Usuario_100,Pelicula_13,4
Usuario_100,Pelicula_14,1
Usuario_100,Pelicula_15,3
Usuario_100,Pelicula_16,3
Usuario_100,Pelicula_17,4
Usuario_100,Pelicula_19,2
Usuario_100,Pelicula_20,1
Usuario_100,Pelicula_21,2
Usuario_100,Pelicula_22,2
Usuario_100,Pelicula_23,2
Usuario_100,Pelicula_24,5
Usuario_100,Pelicula_25,4
Usuario_100,Pelicula_26,4
Usuario_100,Pelicula_27,4
Usuario_100,Pelicula_28,1
Usuario_100,Pelicula_29,3
Usuario_100,Pelicula_31,1
Usuario_100,Pelicula_32,1
Usuario_100,Pelicula_34,5
Usuario_100,Pelicula_35,1
Usuario_100,Pelicula_36,4
Usuario_100,Pelicula_37,1
Usuario_100,Pelicula_38,5
Usuario_100,Pelicula_39,1
Usuario_100,Pelicula_40,2
Usuario_100,Pelicula_41,3
Usuario_100,Pelicula_42,5
Usuario_100,Pelicula_43,3
Usuario_100,Pelicula_45,2
Usuario_100,Pelicula_46,1
Usuario_100,Pelicula_47,2
Usuario_100,Pelicula_48,3
Usuario_100,Pelicula_49,4
Usuario_100,Pelicula_50,3
